,address,aUST_balance
0,terra12r7gg6vuzl2z5ayp4qv8smvesrr5am94zrzn4j,799052923
1,terra1l95lu94lrdxahf90pc0atcr95cfth2lf3xcn3e,77
2,terra19g65m78zwg9yqagqd7elwxnuezyqmruhz5vtg5,769
3,terra192l6f8ds39ly2hgy4pml0gm8d77kmzk7ae5637,451
4,terra1u3h88d348ztqt3me04uqwnsa36zq6kckk575sg,887916
5,terra1umuuj7puh9zq433dtgdvt8q740zz8g388tc69y,71799371
6,terra1qqlyd4fhpcqc7jts95y8t0t6yhfadpt77zj9u8,13996988762
7,terra1uc6za205vv9muz6mpc0m6rnz37j2qgd653t7ax,203
8,terra1a0p24jp5rqa87z30w55cfu0u9hwqjvev2tgxg7,526
9,terra1thqjf4wq0weaw3tw5kqzylsjj2ky480k2hcpgx,1044837465
10,terra19rz0dtljydrnfr8uqpk7makptx467uks7yqjpg,66
11,terra1q6jgd429fsdfl55rjqx5yqsg7sx78jz5358d9p,38
12,terra1tpq5xuwmqn90r75qxp07ndj0jlc6vl7ad28twv,77320076
13,terra16zles5qu9k2nh6afj7m9nf9zsqwujam9h7ytxu,811
14,terra1g8gxzt8h4pl408qcjj5g5een92wwdsypq3nqr4,35770513066
15,terra1reusdqdthepzhp4j94hlnymwpwtmwtg9ztn368,174639157
16,terra1s54qupqe8cc93qmtg485dm9lcurwhelh20tchs,890823118
17,terra10dl4dff8m78rmgalhh8dg2h4je4gstjvn68m0d,809
18,terra1hff0un7crsfazq96a5qjw4py95ewdpaxgk48kh,487
19,terra1ag67a68exhrpfdmkddja5pcmzyqn772vzfqnjf,5
20,terra197yf7apvp67j3svmga6scywftcs5eu406t8vzt,25974800386
21,terra13vw50wa35c8kez9w58z2s4wkp2sgr904kz7g8f,4995719236
22,terra1eaxrjw0qn64a8eavn00q6sd7sld3ql5cyhtl2j,568
23,terra1uveeq48rusu2dmtnhvlz5ksnh2fzwzrg95jrea,78216604
24,terra1326up5mvvah4wwxshu9ayt77tagwpgdsy7n2ag,31
25,terra1ks38sqqtjypt7prxf2kcjcdyz58na270k4c0t6,847475
26,terra1ths8jucvuuyjl5wqzcxcf42unenna6g6nh6u3h,239
27,terra1erkldufzqsulwgzhrqnfpyfvfevwg63j63vng5,241
28,terra1npdl486edcwjrmle0w2z39x65v0ntlw7atsqm6,12
29,terra19yauhqth6h694vv2aemy5fwly22yr6q9h0qv2x,2224270948
30,terra18rff9j5wnpv38kydc5te7p463ptvw2rduf7g4z,724
31,terra1fwj2a8m68hyglvh0xud0h09rk7ckurdz7fp052,3
32,terra1m67jyhlssxhrnt7xku4wupr6cf66uscvpdcz4k,1844817694
33,terra18vzkh3xyj2um8m0nyyzyy6hqklv827gwrdvq4t,132
34,terra16gfef3r69s8fgdcl8xczdllzn54u3whj9hygne,8779277
35,terra1hwvpatar0frhq07w24n5gvmz7qudrhuc07sh98,86799508
36,terra1c0wu27hzhh87ae38eu3zmktsq45r7vt2e2hy3x,1794838
37,terra10tqk09krzfrs4z5ue49u86sum8mu8mj8qe8qqw,662631710
38,terra13wcsu49ya8fuqx2k7s86fl36e6vehaset3y5hn,962423898
39,terra13s76uyjc0llnmmvmwlu7x9842zyuec6k9g3u78,75087
40,terra1uuzl7mmu7ydngrz6lyvtllk8r0elvs4tl9zrda,10
41,terra1luzucwtmegarn5ktx7ygrcxrdcn3ywfhjvmr9q,0
42,terra1u68pc0ygjq29hfxn4pta8emyvsycm972jyswcs,885848
43,terra15edxc6uuhl6ujldt06d538gmdcmcxwrqwqd4nw,7643775088
44,terra1fztlcepszrk5u22h5luv943t83pp2nkt8vrkch,1793253
45,terra1ez2yzzaelx2kugqcnfcr5wvyxmjl9de2ecxr9u,228
46,terra126epyapu5dgs3xuvmwk4mglvkqr5efs7y5ea7a,885291908
47,terra1483r7zjespvnv2gnhceh7qtyd90syy4fwvj88v,64538076415
48,terra1zlm2pa2ufet9nsl8nc05nd7qwp47hsg4jk35at,322
49,terra1y644lnpk6vuuu0wt5vmntwzss7z5nmau663rqq,14320752
50,terra19lhrypl6zf0zagk7raf39n8fxvmn99f4rmzase,1854894245
51,terra1ujerccp8lt7m0ck5z3yjgqch0vyzqgcppxglup,173
52,terra1shdz3pjsapaccer0mayx2dtfdrkztgvx7jzcvg,7334415
53,terra1sujwdh8u2ajymetrl9u3w4vl5g6q5nzphed9sl,2103940005
54,terra1rpa0h9wdpkfzf2mwnaugp0ccdmxypv3j3hv7f9,3976921351
55,terra18eylw7paeyzuhjew4pxr8hw3dqqq8amjer23m2,780
56,terra1pu4nnydg499v867vmeepett090sml6nccruxla,517
57,terra1zsj9dvvkvy5m2cnjt9pxru4p86dwalxq49l59w,876
58,terra1ggqhmjue8eqtp52takuvl9a028u767pt2wf49c,490853
59,terra1tp4ged7s7pr50rrp8aye30gs9c5zvtkf9yekrh,28503733954
60,terra1sql027rk9k2l64tgc5jeel83ds027yut4gywcp,35931383215
61,terra1fh476563nglxzvjsejvpsy5u5ra6quwz883pe5,37842283
62,terra17j8mrjaf47akqep9xwpf4k4pvkltnagqg9sxhd,2346677692
63,terra189x6kettrf8v6yrvrv0up873qun39yvv76329v,90706621957
64,terra17uwtcr4w7489g43tzh99hmjskx8gjgpemrlkvm,810
65,terra1dtxppaskal2acrmxj6fd3pfdk8uxdk4k7sx88m,10085104836
66,terra13yd44mjtm30ycalah57dd0mnkh74vwtml0v4qp,688
67,terra17v08mrdq647mm6mu7c4hm99q03yd4kf5002fy9,4643256627
68,terra1kal7h68zuegzt2smh5ptvwngdsxhegh0rxgg0l,308610892
69,terra1zqmguz9l25qpuj6zfd9kv8anuhzk7qlq5wz8k0,279
70,terra1hrwevr6zxnw7e0qfzlzg0wllxtg4npdz22utec,135
71,terra1dg8kh5279cymjcvsqsdy766xr4z0avtt78v4y7,240112934
72,terra1xuuwg3fylpcjpchhxkp5kpzlygjn33fpnsq7n2,457
73,terra1gp65lj9g0vpqtzmge2k0s5z2jej92dsyn98dl6,64
74,terra1u0g7q57auzfw0su03xr4lz3ndfjspkep6zdp8g,141
75,terra1dxxxms7yfjhd67g7xpq3j8whw8nud3tmpkv907,4603488723
76,terra1u5p65udkc62qcusf99lz766e6gvqqhd99f5urf,16
77,terra1v7nehvvsdy8ec978vkusd52hzlnjfn0gk2l63z,2098656368
78,terra1dwkq86hkgnzurqucy5wmqlxv46yzzug0jhkxsv,5791101283
79,terra1u8342ukje2kclksqu88h6ax7kj32hcuqfphs0s,113689958
80,terra1prv9kmscu384used4pt90nduye3k93j59ew60x,0
81,terra1e2a2suf74ckcrm5lncac5sqya6xvcf87n5jswc,815
82,terra1fnvnvdf9ae0u8gsupy5r0rxwqkjgnmrs7sajkn,15488906115
83,terra1cg77hqnngy269ju5ktaj27vmapay6gmgvzllmn,757
84,terra1e75zqj2lw02kszw0dudagu8qlfraup3a7u4djy,38
85,terra1uc99ydycr3kel76q6t6vt058featc8zqsc87yx,25421144813
86,terra173saxd8j0e4g8tz98gmucvh9cwmr84p5xyqhn8,870161243
87,terra1mujeq5l5wx8jrpu4pvs704rn8ev9xyavpwgvgy,289960495613
88,terra1ee5ymx0mk9kjyh4xzllvdhc488ve0xq2u5tyuh,4481733
89,terra1gxkmfvawn6ruj3v5n4hu9k3kac27svdfa9wmh8,960134956
90,terra1c2nal3k9e0rfcull0wh5rznhtke3qflx8e9x4j,15884157
91,terra1asrk4n06s7ddxuzmg3cm629g4pkf8daakgyyz2,143335
92,terra1g89fmc5c2hx49d5wce74zuvu779fcr5z6u3n9h,758
93,terra10v3k0te46afpfat5cw65h63kh8xf4d708y3z2r,182
94,terra1s40c8eh834mzv5kh3e4u5f7kmze782znzqfe79,5343877893
95,terra1jqgmtm6zf7lp06hqhv98683vwfz5fhsyfflgew,194485234
96,terra15puxk35zg4zva8xxynuhqa7nw9d7qtgur96jtd,4332139061
97,terra16nc33k4hh0hkrgfny6zn588lf6mye8cywnpwdh,112
98,terra1h3td2t7cg5vvmyv88543afkml3y4p946rpjflh,21942259397
99,terra1ut4rwpwty0grqnxylh6s2prjeh8nct7x8sewmf,50
0,terra1p3t2jjg2a9qd5z7akxy74ze6hfym0v7rzn2t3t,30689974962
1,terra1wjzv2j9sm8j5pcm7dx2ra06mcfa5zwzltg0hr6,611
2,terra18d7xtqxx5r3ypcf2jtsd5rpr7jqyk20hkmy9aw,375551116
3,terra19fand57ul3smpl6mdndfme83rjcn7ae69ttltl,685
4,terra14tgm73dxztqeggtu9aknwm43shjdju3sj78nv0,278710385
5,terra1tdhcly7jnspjv4ufmr045h9xsz6cvk2rfqpe8g,3201502818
6,terra1jjnp6vepf8dv5tefaftkxh0n9zscmtrngwgwwh,509
7,terra1n2m330wssndf0ehdalp4d9yrwedtz3nwmwp24f,1298539777202
8,terra1hwlmt4pz6w6qxmntqgaqvhygkqhfrhuvx3nj5w,335904473
9,terra1kytljyyh7fhdfkah5fw34fjqsxlewpj5pfp0vu,62
10,terra1e274s4wjdk5xz52t0qwededendsrqym9yrf2pj,358
11,terra1d6kvavqpjcpdnga9uqgm0jy5lcjuy8cly8wm64,2509638382
12,terra1q7xcezv77qv07w4fzxjt5j3kxy09fpml4qdfwn,6287039307
13,terra1fje3jh9snp2w7yjrw0asu4uutht2u0pq2u6zmy,34393042438
14,terra1lpxv30dclx9t6slt5yay8zjvldqkr96ssa6mvv,11945835
15,terra1w832ak3wfkz0e2p5ss6x99ld8lt4a95u03l5n2,71136932
16,terra1sh0uan95xegjgf5pswhgk6fwkste249pc6m083,22169687079
17,terra1mzgy6fhmy2ancths9hd40r4rmnjzm542l4jg32,195117725
18,terra1mpjd8fl96x4qvhzul8rxp6cftd57y2pf84pnyg,210140894040
19,terra1dyqgue9fvxat3s3y4qn5k3nse24rvksuda4h87,45659075180
20,terra17ml90hg3mlp6mkukma97ez3zsl294ucsx482pv,570917305
21,terra1lxayaj7306hr54a363khjv8s67x9utyetskwkq,0
22,terra185a6mj3ettnz8f9cl0ysaze7jxauczhqm9gcc2,472551637
23,terra1wuxez86mwlhauc289d39um7zpz5u53u2l2f2ja,206
24,terra19q7x0lgz79gtad0sju9c2fzq3347y9qv6c6vdk,2869179307
25,terra187h3e9tk3zvg6w7xx5gdxtm4dpp7m765xrmv78,690
26,terra195hwn583k49k5a5ze6g8yw9wqr9f0q8apexw6a,538
27,terra1khge3s9qf7rpuwmpmgunumwdvxag4ltl8ylqlq,269097527
28,terra1c8fvs2d700xd6j6evwkpsgr4l9wp2aygx9z8qt,29912604
29,terra13yznhp2y86nf9azdjxvg0lg4vv8lasnp0v2t3x,10905548368
30,terra1jkz0jlh9uzdhj2cu73uxdl75p07x4ymrztvvkq,3
31,terra1zv44lnullf84d6qws5u83nk368m8wzp36weutl,1030418182
32,terra18kn9e2t4q2l70tkgt9h9z9d3qaldsj9fs6wpqv,279
33,terra13cdhpn5y4k5m2f0lngkpuk6evuj5snd6em8j7y,363
34,terra1309q2dpdp0jujakjzmeqd29xkze47yez8s42z2,428
35,terra144wj672g7ttxey67cahvvmzqqyl3hgm92l5r76,759
36,terra1y4sc850wl6lq3dvvymd8na4tzkmehma95sq2vz,5621261080
37,terra13gzlu79rgxmvmld80fm58v4xdwc4akuvz8rlwt,524018577
38,terra1nwl7yk3609hltk4ak02j8ke59hzawml6cwq92c,15180717
39,terra19r9l75u758d4vk3s3vv65zsdgp8vzmgzl0sz8a,1269846988
40,terra1sr65uen49rr3hnh3xza6p3ptmrzcft3gqtlf60,610
41,terra1kw7ghp4a9wggj5qpw7d34dytx40he9afhfmjsm,582699206
42,terra15twnplh9zshqvds399kzv9d4aehyegk98d4f06,73
43,terra1gdccp28xy7jcmhwrhtrd8dq0v8mtla854muj4a,165
44,terra1cq66e4lve6xqjgxp66paej46s448upmmchrjvv,644
45,terra1t8t6g42u8j64332rgwkkvx4tftxa3uj3dg6hyl,249
46,terra10svdprdsjdyzkrpq2lz648vpwsmy7fkr6g5gjd,842
47,terra1ulpu4nc3h0lfjqrlcwhvjgqdrz2ds5yjejrwxz,26687317909
48,terra15vqsqs9n9hlsd2j857xlvp4p3ks82723s5td4c,17958532250
49,terra1xs8h7q0u5ldm6ngj0uf8dvgfykx6nnvdmc0c0f,361625096
50,terra1smyqagp6ggpmhyuv3k938mxslk08q8akkmsg9e,82386417
51,terra190p45r3a6xe2vjqzz4mfdvuj44xaaw3qzdnvkl,307523389
52,terra1lcteskukfsd35w5mdavqjpj0w0en24s63fqdug,9023831662
53,terra19p3wlf55se602q4cptgq7lqfeh3mtr0k6gxruj,12319032634
54,terra1580pk76c2cpxhln2eywyjc7x45jnjxcrrdtas9,3562549035
55,terra1j4jp3nskp69a9uvy6cg78nwezpns74rnvexafw,15658204688
56,terra166n4fucluzamddx3nl9ac8t739dd4sj3ynh32q,165289709
57,terra1lms9ey723p0axwelas0axxx8uedvxh5f6wu0tg,186357574
58,terra1ahwnnemvjhltngl8axa4arrel3qyfgkcf6r82e,790
59,terra1hy6cmqzke36dlxt0fst58ssd0mhk3xc793g3he,0
60,terra1rpex5h227ulyzqq8t4zhlyx7s8k7e5n4f3vfqr,34551660636
61,terra1k2s94vrh27370zljzekf0q3unjcsq534ea8d08,516296198
62,terra1gmlkuc90z9mz3lxray3ja6vqakgum9e4vsp0yp,811
63,terra1v2zmpq0tks3r0ewc0anzsewzdrxsrjgxw6vj4a,114656801
64,terra14px84mazvggalrajykz34mwswdc0wktrae53y0,552
65,terra1pmnrzqtulpjmde603l3yrf3a5ypxla8pwcwn2c,768
66,terra15wlq4k54kyhcjmr3lt6r28z8mpk0ufazmy4jxn,973
67,terra1ruhnl433p6wctnfzky5hr9axxzds6x2xkyvzyr,33258593267
68,terra1x0lnrqj6cl6r9qja3rvt3r3s45rspjaajm57m8,192
69,terra192x3knm4udul47gkscv5matvzveqxxnejh4wsm,530
70,terra1ehmhg4jt67hkj8mjydazclwhnux6axcrlp3tje,111801207
71,terra1l2pf3l7celzjpv26a8w0ys3mprh9ut7tt98q3q,63531150836
72,terra1tqamxq9tu3vn6xh9ruljlkspf49c0wppx84r9z,971484032
73,terra1k033q6r5qy3nv8lcsuwagwh3kvt7xttrnag4yc,2078418973
74,terra1465g3cd388wpnaspq8rt2sn935nsfhc699fd0g,177
75,terra12cua6nrayp6hr2rxw8xnhfe8cpmtgym2sskvup,618
76,terra13svp62hdulqmpxgjj6jlsz7yg0zf5jwcylcl7t,105001732
77,terra17lrjrktf2rdj9mqe846n8sgxj4wxc8tv6c5cjh,549
78,terra1dnqcyz3cexkwgjrttsp7x93d8xuwctncpswskn,54
79,terra1wlu9rez4569urjqjy93e2azzs2j8uxlmvv7lyw,79898027
80,terra1rvngmgry4s9gd4fddlf00gu28tktec97c9gmzn,1792741
81,terra1l9y3vv6cumephyhl2umjsnrnnzu8c6lgflhpgk,1527986032
82,terra1ljvn2aunq2mzq0hxnkr7dphgge63fh0kfu3txx,622
83,terra18c69kyul5xszhaa3aa4cskx9lndxyephvyl08q,193088944
84,terra139rftgfe30ewmyzlq8etzqst23q9m6v4n47wwh,3176273129
85,terra1l75g8slu5haew0590td3pmxes52ptg4pwc7drg,14172670
86,terra1t538sph7zlruec5k3x8uwrj5wp587k7re9806x,831362853
87,terra1u66u08jmalvr3uhvnegjmg8w9yqpve650nrr87,11948381
88,terra128kyvem6e7g45p26cl7pq5jp4k23nvlzv0sx5x,3569106700
89,terra1hk7zfnrjpgfausma5g67vx3tkxuvpv7608pmdq,858354
90,terra1ldkt64lvq2cq8c2j5c2ck052swn0k2kltmfjz0,114809372722
91,terra1ew4jzkmgm6j0xl6xj3wzufq3zlaenm9kyw09x9,1372525480
92,terra14jglkkuj4mdfd5t55mlp6auen7qhyft22agr3g,8071484901
93,terra15gs0wvtgapm9xgkmhgp8x8u459kh3q4vmk4smx,817
94,terra155jreja2aqrzcjy0cnu7s3q3k4c9grrztt38gd,774
95,terra1v6skfr3879gqulzs6cm2pe48xr8xuz8w4cr2h5,10480932721
96,terra18sxshucl9av75nsm6smhj3s3zzg38ygsmy6tm0,3241122276
97,terra13gl2xkyyaurhdv7lpt23vzss47ef2c97cvg2wr,486358816
98,terra14rpzqnnnma7t6sqqlcecm6jgsp5pk9uylk92jx,11680765034
99,terra1dwvgesstsrxylxk9h906jmd3tu8decqhent29m,2538253947
0,terra1ys0fpf0qn8vh9vmc8wfsflpnwwfmv2q27cju6c,393
1,terra1lgtq89gdr0l0g5hjprlugjds3qvqd4jgsmqk53,900
2,terra1fwvy7c27p7xqafk2stchrq40h5v3q92d5glerh,1831851781
3,terra19pc5qfzhm520jcja2da0rmscahvyrstpj3pdp4,0
4,terra19sqmnz2q2kulz462rfeqnmdek2dddtuwd9gnxg,8504282190
5,terra1anrq6acallg56r3s3wz3jg30n6tpktklqe7qvk,37723942
6,terra1whg6r3pmqleyhtq05jkjjtp8t98rpdvv9a39f9,209925232
7,terra1j84gs8z0zr83mfy8mqq6lqjwn9s4c74y2l487q,450288176
8,terra1fdhj9nwy2mt0kkhzhsvmkq80quuyywc0cg6zlk,226
9,terra1h3ktga68lwhjm2de5r5vhyfjg9y8fv2q63xz7y,4927823637
10,terra1fv7jcer7tgjrzz645nvslq82cc3ugtyqydxmj8,12847061960
11,terra1sus3l0cxyscjw4lv6w944wdpaz97sjszls7mz7,5334949187
12,terra1qwxuj2g6cwqnujx4uxst9ej62hsu836sap3fce,4247657
13,terra1qcew3qpeft5zhwyhr8wgyx04sfwl7t6ktts8n5,424342343
14,terra1tunzd89cpx2u97pqpypa2mycwjsgj5skdpw790,231
15,terra1jfmpllkxatpukxxghhg0dfw9afsh6puezcfcdq,241
16,terra1zddg2g9m3ksncw40msufhzga426yykq3t6mm5f,845834197
17,terra18dze86cw46kvazjfpkhjljduz0967kdjtgapt4,57997216
18,terra10guhp32v3dapzjstzucfryjq0r26x522dyzxhj,55819883890
19,terra1rk3z65z0ag9agp7yqumtqhg7a9rzpr9dhmv8r6,87336860
20,terra1vcpxk70f0pek8s996s2mhfjmvs02j7vn3txm7t,4385536
21,terra1nk03m4cj9gmd3uc8s0maawyf62ksapsphx7qp9,330
22,terra1yl7gp9t5axgx43gxf5wg9kl5kswhlhr07a99mz,196
23,terra1t8tn52pawuer6vhzwtx8m3zvtaaz0dujvw7lm9,0
24,terra1f47s42622nudhyn275jnzu9060xgppdav7rmuu,11941230374
25,terra185dpyem0z76j07ewlpsuysdeks2gdwrlwxf72c,23
26,terra15nemjeyyj86ppq9epry2p2892mdneh43sdqemz,9119981695
27,terra1hp4fp2wkwv4ktvvkqfa43rx2ek6satpnpsmnk4,717172829
28,terra1l9ygqtj46fn6uf8q5hnccdgjw5pnyw5sx7k3p8,1759125330
29,terra1wcmyhv2q640ywxlxh4rd2x0kv7chyamardur59,83903464
30,terra1vrpznn9stdjysw24su6y8xctf0zfnhka5tzt7r,17863401431
31,terra1ep0zwxc8sy552yuyv8nmg2gkrmz68wh94fw8ch,582
32,terra15lu5ntp8xl65hqmar69a9k9zrt0ccjvhusgt53,7670267
33,terra1p68depnhtytug5u39p5d0nknd0w0c4tepqudhf,84343770
34,terra1r2nxths0jzjfuftdhw9yq0v0nl0vguuwgzt7mu,1091500677
35,terra1d479j5tndl8zx8ygp2hf8u902s83pnjyjkucq5,68232527
36,terra1jd27sypjlrpnemsslrmcscc34j9u485nqmnsfc,1050563245
37,terra108tvzy2q7kzvhmvqrzw7a9c5vvmmxvcksyzass,825
38,terra1zjqgzhxsd4teh7tr95f7ensrnn7zzkyn6sqw2j,495
39,terra1nfp4mtv296cxkegpz2wn0agtfapdq76aj9tln5,298
40,terra1ypmwse9zvshmyxmwq7maxug5ypd06l53ldy4p3,446
41,terra1gppsr8dzgp60m42tf28vm2fshl7ua2zu0gw5nu,854917853
42,terra1rvdmz6kmr7r97ng85v3njc5enpk3x3e3vaywmz,1776512
43,terra1txyk9hr2w05r4y7jymgnv5vpy9ralv5xvpqk5q,764088724
44,terra1e885uvtcmwy25l5hfpdhwkknmkmwz05en48hr8,2083038115
45,terra1h3xh3ay9p70lsacv66p7kjv80hqw8d9zvfnq7d,353
46,terra1ml0f4cnkq57hysg5jrw495rq6550hd236d9w4n,425
47,terra1q4u2dwpm898p2fcx7xwj3tpnzykw647a59c7u3,133500220
48,terra1rnhe5s92d5cnh45fwvc7s6haznh4lltjen2cwy,845947746
49,terra1hlreass4l70nsdvt26nk2mjy8fmxmxade4g064,4245712149
50,terra1zq39ajq4xrkv9vwk9h097u9xft747p4klt6fa4,170055624
51,terra19n8xjf6a6ppl33su25qg7ujkfsr8uqvc9cyf7f,13645085
52,terra15mxkcmn9uf00ccywayd9zvgqu7efc8zgp7e86r,21594961525
53,terra1894d2awz8rhd7kptq2j3tt840hn594epy2cn99,1733407782
54,terra16zsjd660k6uzdkw3rwvwtlz6hlxeq0srf008zf,403834
55,terra19jdj64sxa3p7zeamcwfjp6jtmjhv5yk66kfw07,6036180479
56,terra1uw58sanghxpgz3h3vq7hctt0k0qzxjztv2r7x3,99
57,terra1xan8j5u42lawvq9y02ryz08vq4wg9zgaprv9ml,26603175
58,terra100ha7r00j6gaynpt49t7ptvz5h9jyxds88w82s,384089516
59,terra1pqghnmncl2uhxkyycctqx23zz8yz5vgan6pn36,204
60,terra16674uvc4twu438dt2ztfv9xcy3su5uw6h3jmd3,269
61,terra1mrge54rqcxkfd9y8dp20mzjd3mm955599md3ve,1964150090
62,terra1k2cn09fgs080vaxaa3uxqu3c48recv6p0a0xv3,760
63,terra19jemsu9a7zq0g4464gfat8p64rngk0vfzvrta2,594060101
64,terra1lqum20zwewm6v9h8w3hquscuxl85fc85k7d48x,1
65,terra1rrza5hrlgxyrnq7a5pvsfwvn5rr9g9ags5lle6,86937000143
66,terra1je249l9wkn44rx7pp5d5zxms2qgw6trtxu42sw,59
67,terra12cc2wwqt2058xyt4e7j6fac60xzqz283j58ynv,725
68,terra1ryv3drsuf6fuyfcwrp9kykef08w9h7e9em8vke,220
69,terra1gh5hlc2h6ykwa3l9js3dseyqpersmqefdvaczt,84453937
70,terra1n3rc5lfm7h00020hdqd2exr2jykf6pek7raej5,600
71,terra14y7fmkhy92tazasqdlxr0uyzvphvt040r3gnj6,5398062545
72,terra1qz3flyr22d6835cu0sf5pwhsms6ndfzw8jfqmz,37071903
73,terra10ajx9qfs6jf3yqlruls3lpvl86c7s8usyd9tth,27034430
74,terra1e2s8sw7wz84f9ssyv54nahnvlwwzqe3gza6fxy,60994
75,terra13w2f62c6kauwkfnpw9a8y2j7wsp5gme8y3us9w,1361944384
76,terra120nuglrpqax92xa906vl4gad0hvwr80tayrz2w,2526940047
77,terra18dvgyandrfnddmwqkt0tmqyncz2s6p9lmnvkk9,27734895
78,terra1dg0jx9qwntcznujma8t4rex2f42pxqeua44eh5,1680384
79,terra1q8lwp78cmapxnfepxxusz66tj724w8k2ruwzcj,842203187
80,terra1hn9sylkcnhj9jz8avck9wmyxmr5nknrv20t63q,356583740
81,terra137rvew5dq7jr5kvvjucz0kuvs3lagr8afkudg3,220001
82,terra1xtxfyz9l0c9smj8nsqrsqdkyyu7skm9uz9g5l9,803414439
83,terra1v3c5w72lhawx9xu56nt7a6y4p55pyze4syptyy,8438654
84,terra1pktncxkduavndh9ytpurz55jdr94fg2utm03vt,800906946
85,terra1xy8wa3cc03nrq4vjjmn0snm0q9tk7ygax2pldg,45992847555
86,terra1nczrth5g8tfv2wvmxscv2jjqg5wzmt39gjhzy5,742
87,terra1euc5amcv4nuxs0f53luz3wd4lmhjnz038pz3gx,22219585251
88,terra10uasperh9wew83v57ku7rql52jkkl80n9wrfev,4944666054
89,terra12ekkvcxz0lkf4dtcmjsu0vxfx00td8zcas5gwq,221
90,terra13lxfgkdl8qlzsqkxa3k7khjcffudwz3v9s8fqp,511
91,terra1v8husjcr27pn4eutyhptsvsy67xe0jm83un6wm,261788076
92,terra19fq69rkgdfg7vff74uv0qf44r4vn8nsz74yxm3,838366444
93,terra1mfepfk5tkwz3fpkv57uqr4a0pdjqnjdyk59twk,521
94,terra19v3j2h3pc6n6v0pvmq6jalpym4c8kjvlcxrcwy,566
95,terra1xpsjhprg9005a246egl7p79k24uu5gp3lm0cav,19764191839
96,terra15r5qnwcty69yzkjzw77yhufcw6l3vxefkltkt2,0
97,terra14ezux8n8ra5qys8asr2yx4s36amahfx6nz7v2y,24
98,terra1fgj8v2pxgq8yaup2xqz3hlsf6fh9lpurpkf9jy,653882094
99,terra1jx5m9tfw8fsm57dnx7cqvpguzqp3yw9vv9qh6j,442
0,terra1axk6revqkff78rrdcnzpx29wm7ujtfd9k9eylw,10025573647
1,terra1q075e4kg88fu363vclpnq3wgmegezleuced7hm,564
2,terra108y570qc4rjp598x0d40xrt2wnv8lc67m7k5r9,17589921
3,terra17zmte6nzn864mpawsst93cpy0q76s5jg56uk27,1742215125
4,terra1cycrtv3340nqce9z5aszjht0zhjxdheyd9p3jr,77590871556
5,terra1jjv4rcc2rrs2tlkr00mgvy44yyan0tlwslwqph,54338502
6,terra1hr03u3gy656g87lzjqkw00u5zcd3grvruswgfu,415447259781
7,terra14glqt3t8c8ykd53j86qpn5a4nkkucselyqucht,5504324423
8,terra1hyyyfxfxrz5pj02ldzyujqc0prqgcaclwkvl4g,860
9,terra18quc6alqyw4yuad8rr8fgegw3lywtxfzutmyge,682
10,terra1jml7u3na5xsrtcsvqxz2nng25hw5vatsukahz6,432697300795
11,terra1s800zgcgnkqzr7a6v56gtp6s496q32lqnnwz5g,12677738730
12,terra15yy8gz6pkvulxv25472v0ze2rvf7e0d33urjk5,1468873009
13,terra1c5070y4yzptfm4ta60gef3dcvgdneql098hczp,6982211
14,terra173ylag73ygchxlcr7um5kmq872ygyndavd33rp,21554542811
15,terra1h793g6k3y7j43h0xgnj5k7d6pugmdyl6ml2v9a,703
16,terra12ay6xqe9wpcrc65mgu5sjqrg9wfgvz96pzc7s3,3387353388
17,terra1gvjskxqnqjy93fztrgng67qlyq00utzqpf38m9,16230233070
18,terra1xwy363nhusd2a6dhlmg65kafsgrkm28xnz3p8f,38
19,terra1dlmqzqmnwtzt7zqt90hzlctw2m56rgud6zpyde,21100916195
20,terra1aw3tp55xdgl6qzqnw86eredgjkz0x05v036jts,133
21,terra1l52x52yel8jjdtp7648d66f7frpzquz5dsaws4,842
22,terra1mpv268je5au0j4uhvur95nlcaeppmzdm9qvlgj,1182427452
23,terra1fp6dxx3c4d3fqh8v22x8r8n6ecafgvq5k2nj7v,592082152
24,terra1gevzh2j8n9aj3kzlxctwzr52rcmdz34cvzntmh,0
25,terra1gp8fn5hnhykc8yrnxwaf6f0wekddk4khe3rhex,86136810
26,terra1rqh87c476sr4e8wjq2dzd5g5z27ck24g3j4ers,95
27,terra1uhmhk85celkavf67hhe884mcyejp7vjpg4wnrn,178420967
28,terra1dncx26nag48t206fy87vp5afs3l67uel442map,797265635
29,terra17mzayazespkngnjendfrrc9k4l9qtgch2mhzwd,6149768
30,terra1rrsu57xkf9w9zgdrzey9w33f44y4y6c5n59gv8,1199688858
31,terra1vns8cyhs528an6q8l66phaestwafhu6e6ahv06,1739165537
32,terra1m8xk49jyzr4wm4qcegf237m2azqw8uk0f2qu0k,388798550
33,terra1srtv9ktpcu0jvjpuw9xt5kqvw0v9mnt9uqcwey,4240128541
34,terra1ks0dh0uywnj6d7awldr3hszmjp22wvna49dy39,41464064
35,terra16xctazpt5g5j7j5hkupwhq8x6yjq88zh8t0kcc,675
36,terra1mr0c2dcvw6t8tj0vw5tjdmwy360cjk3rpjr6y3,803992
37,terra1fg8339lugat0ua33hk8ck8mqn4dhf9mgqf97km,8451814
38,terra1re4tvdwl0jeus4slcfgzxjnyp5peks4rjxu48x,10427181803
39,terra1wlqr55c8nnqjqehpks43qxdt4r9upc55avdq28,49217294
40,terra1swmqk7n9l4wrn4s2nscy49tfp79nv2ltw6uawy,8728177
41,terra1u0wdmfdgpvzy0hsat399g52es9qy56gps34dnm,469120712
42,terra1cmq04tw5qk3tnryzgvhw5rwr4wrndl9ez64gn8,342248318
43,terra1hrcl3tckqqlql4mh5zqt7mqf03yga5qhtax87d,16817195300
44,terra1tn5r0rnx07s5hw0nz9pcwl09gk93j2ezgp2n8g,59897164038
45,terra1deuxa074ncm0ff8t5em2jj6c68vj6n5g7psv2u,81012084
46,terra10z7eppju6a2mtqyf7ccspzfpflllkqe42fsxzu,46163693
47,terra155f47e8uu0lm4j3e8e6xfxrv6ccl8kq9gn0f2x,304552009
48,terra12jwftw0kfpds6lczwjwc5mdp7carh0zj7c058x,281
49,terra1zwk4vluz8d58ghjt0exedr0u9wn85gy4jnnrgt,167
50,terra1g3hya87n3jt0rv4shs04ccjdsukv2w2hazlf77,1354553637
51,terra15372fwnvmskxv4tragf76exwwche9mz26ctpwz,1639173351
52,terra125rhzk9zszj79dj36n52n6n44gcpre0u6p0njq,512094907
53,terra19f7mxe7glq3fjp775alzwsr8zamf4rhv9dzx4z,251
54,terra1548uvl5ckhp3z2zmk6qjqee09rrdf9ydehnerp,210589
55,terra1g69r5tx3cd3j7m8f0wld9hu8t09racavszxrm5,1059779148
56,terra1qst743cs59lm6k5gaft0x8uhq8jmm00es2ffmy,2456472380
57,terra1vcxt9qle0jzx6t5v8vsgu7p9knnrzf8sfrehfu,309
58,terra15ufr5v04xre7aejcngqfag7jezqaumshxk5q98,487
59,terra1mdzuuvtnamjmc4pjd0554elxhazqqdfv325qal,468
60,terra1lcxqv8ragt4ggn6xgetz7vvxrdlzdvkmw25s6v,51999503969
61,terra1fq08g0567tgpqcn73p2vqer28zekcsxfza40cx,624547000
62,terra12fzk5cs6v72ankc4rstvnhcvzel35f92p3654x,324
63,terra1mjhy8ct57y5u33nggjs6k46m33y2xxalw6ee9n,1871078843
64,terra1uj6msu8zlxrk2084ql2wu042fyuhaz0dx80h0n,968669532
65,terra1syx439m26aq0hsnz3ka96ec43dvfvg24y2f6ps,838903830
66,terra188cs20mtlk2rduw8r9v0nvplf7d5y5a5wxe8wx,187
67,terra1lelevuacp95dvpj2z04lneacfypw9t3u8rnjkh,354665
68,terra18l3mu0qmhsk48px2r8k669gml4ujqwhxncegf3,0
69,terra1n8apahx9g2xelu65lthw79nr6c48hfh4hny0s6,367
70,terra1ktddjegdny7a576cqy7h0y745u88847rss0me7,1062753035
71,terra1ltwl6tp5xx3gwwzyqk9cgxwzp0fl4420ytfy5d,95
72,terra1l5zxu8g942a7na9v54q6sxwg87adlvujuwedp6,688526344
73,terra197mpq05t30pvn3hun0ty3nylsz43nuy63cx783,515
74,terra1gk9rlhaqy0mzx2v2xvf3hjmxg7dg6czugypce0,155287747
75,terra13qryv3zjndfyafzx03cezdq8l29yvlals7c4rj,12739701270
76,terra15gw8a6s38ev97vk27y8asuyd7w0uuhnl63hnf5,963487787
77,terra1dyz7umey3v4nfzszyz0jhcqx0a8vrezet5lc79,17972368557
78,terra17cpdj0fynne8y6ywg67ne3z4krvtr7mw9u2qe4,357
79,terra10gvw26jv87re792vkt2n0f3mpx4ms8p2fpcxar,4071772382
80,terra1l7fndc0danwut2dr0zv5sgand8sqypkvdvl4kl,448306
81,terra16sc0xv7ft0txsndvmv4na8cksvqpprknreajht,726
82,terra1q7jh4q8d8rhzt6fzftp7a8ltq0nlxdegm89exu,419
83,terra1w62ulst4e6hk9tdw05arkzjut9kcyuff7d2z4e,2518325872
84,terra1zays5s9umzah66xqn6wu9ak0eqd097dyakv46r,171240111144
85,terra1vak98avnecag3dy8jj9egsp06r6nh8aq0azxml,5862320770
86,terra1cur6vrrr8dqwvgr36yshmv4xcj4npfqjq2frw0,53731693010
87,terra1e8rzy5p4eqq6x8umnw2jvwawt5mufzrfg6u4yd,164
88,terra1rkfauege70xktpn4rsf3h256yd0gl8ckm0y9r0,12343000000
89,terra1nfampnn6ft9fvz4sgknldvqsqtncjh68pz0t0h,98662758
90,terra1twh2jmajydh9lsxyl4g5v2leghcy5wezgk2pnr,1221770190
91,terra107lz6ak6z55v6dmju84xygdunxfkl75lyjqhxf,1570824677
92,terra1q38ptlcggq4dtcpxzz3jnxl6yvcny0fj2350cr,226
93,terra1edd9zrpgpfn8eh9tr6lfn63ytx9463vafranr2,625
94,terra1a77npmr7jxwmla0kr0ddelgt0yadtrcmzxkt06,67
95,terra1jwyhua2a5jh00qzpfrzj3mdef93e08mzekuk4z,866
96,terra1g66huenfedz9mxpcd4rdnxfh2qtpjg98p50w7k,377
97,terra10uuj3wpf26207027zeksqjkjjusvh4px9qz63l,300
98,terra14u6zxp549c87u255mhunmnh5uv3x862yq78vk2,71998549
99,terra1n32ejmx6pvdp0a46z8q4d4g85qr2qts0f0rd9v,155991160271
0,terra17n4wejqynr4a4amr97298pp3upat5zce0t230u,633
1,terra18qql8crj807zaagm7ugcjwf9qxhmaumprwas7g,18217916
2,terra18hdr2fmajue90dy68n82w6k2tcg253j2kzh7rk,42000727
3,terra1vad7st73cqs9c69sz5cv2vsj6h3j45e2yxjm4g,1586886595
4,terra1j3ejsnm0z30m6lec5jspzxtvv2mmcf3xs77vek,86993765
5,terra1hj5dwxy0ax7ertcmsccp3gexdqfxme22693zcg,32506131
6,terra1eylzyxgg57w96mqkdsmkm8c3f3zmf3jmk8htw0,0
7,terra1v6zns0x4w4xwdx2u83ku7wjca8cfpfg0zkl4s8,186937164
8,terra10j2dagss9rxjzy2gppj59petngjeqlvzy937la,160
9,terra1cnt2dls25u40wqyjgq72stuyjrwn0u5r6m5sm5,5261470683192
10,terra1yx8wuz02q63pm7zntygldaxmark89x3x6sy3ad,508
11,terra1tups6zvkdn2q9xjazmgewdfjm3f30jlcm43srq,448465837
12,terra1yyjuqavutq279tzcj0e87jlcjhezkdnjant5dz,661
13,terra1az6pc4d4ckn3tuvcv5j5z5290qfcp9fagergdp,14
14,terra1hs9j8gndl453t2cdwjqmk2ddfpuu9fr2zayfa0,5971273440
15,terra1eek3ps68zjnzgmtl6l2w32uw808ncvkfhthgag,8017524818
16,terra1yjmt0yu42sn5xvfc77lu480xqdlranhe7l03gx,22430646
17,terra1gswfhjmdlpz4kl4ysa76qv8k072z52rskjdv99,142888222
18,terra1us4hjmlfcm66dfzq4gjfqr0a37shdatrawfsm2,7916981
19,terra132pkm8zvjteawwehwfz5veqx707835mv9m6mhc,66
20,terra1x5qnwk7tq9umhu8kjsjgajsxsfqmvajp8mes4f,99849833
21,terra1vhxupushauqzy6rlf2v7ykt562wes8hapu877d,862742906
22,terra1d3kwc3q6pjcvwjsxe89zfe4x0ssn5rsrv0q4v6,43428976
23,terra1kxp0r30tcssdf520vt6kgvw24e7l8cmnat2ch5,3479892
24,terra146uvdnjlczg9qaq72vs6hzft5wdjz4efe90jjv,8736907953
25,terra1rkcvrgrva7d9kjavqk2q0vmrunalvztu5x9m09,119319
26,terra13yccxv3flmk7cjnqdnrhtvwn8hrhm8p4t2x9vr,791
27,terra123x3w3gwgmffss33ygywcjhktk4ay3fvjdxv9x,1794982
28,terra1vwhw69c5n2lmr6vwuev4r6zt0q2nvyz803cp7y,1
29,terra12krcq7u7hlzcd3xmjveh4zpcxcpjqxp24gexwk,19
30,terra10rymfv9ht6jrvkqf0dd7vjwujjecvl4uhtcn9a,26875699384
31,terra1zzptr78fxpgxufj44v7hwa24r768dwmxrt6yzk,13905392287
32,terra1yyteyskcsn87h2zlae3damr6ngex852fe50wm6,895208
33,terra17xk8c7g334xnqsmkey0vth8q02k8jrsx69htdr,550
34,terra16l45d3l5fsl9auwk3v8v9x6z2fkqlk0mrdftgh,15216151
35,terra129fvckh3tm4xddcwlc8qsc7th30ykuy6gdevgg,7908
36,terra1unuykfr4z7daazhuc7r8s6kqpp0m4g5khq5npq,221
37,terra19evjxf2r0ykekt7074term32cepz98j0amu04t,8667789012
38,terra1fd5pxehljm2mpgcyeqlqx4u92w6tjjrfeg0sey,7313533861
39,terra1ncjc6amtasse3dauqkj2geg3jnfxqtzqgw6tle,6110866246
40,terra1exywp35mtfa9ryvkjuhepszsucapqkeu28kve2,16875368576
41,terra1yv9ya0zh50say40f28jtp2tvnncwz39hshsc0j,55815345
42,terra10qvs9jea7rdrz5t0g3q36snk4ka3s7afwn8243,475
43,terra1kkp6mmc6y80uhyw75enghe2wan6z74yffmyn3y,294
44,terra1hclz6cgwfjcn3q6g0kdnkcskkvuekrfn8lzzjf,205
45,terra1fujgt99kygqv6djl7gwyalkz295p0jug57scy8,400
46,terra12p5848hueknm0a3a9uqm4752a39uqalwa49tyh,169240
47,terra1hmfsz667vh0afshtvgl9p8d5eg97wk5ws4rcy5,183
48,terra1xuzp3lt687rjjk2wxvvkcvz35fcqh8qyq5v6nq,2217267554
49,terra1nh7z24ad2ftdhlxlcsj5fx7za3fn7c06s3nefr,982240
50,terra1ck4wnck7xayyzjv2yn6wcxu8ucrwe66dy9ulaa,1211109079
51,terra1exd90kxz395r42pjrvc0rtr7akn4lhzfy4ymgz,12650640
52,terra17yrlpwdfpxl623kj2fucsjffl305v07qfk6vu7,23729430
53,terra10ndmj9c6ppap99rvgqpqwqwz6chrl434xsthj4,241
54,terra1cvgkg09hsmcq05dfan0dapfeq94n3ju3d5n6fc,235
55,terra1zylrw8h9p206kjf8kj3w4em6fzasq68qy98nn5,36317914
56,terra1nguj7nvlag9dj95cmpvm42xzuesgwqgyq96akh,269156204
57,terra1y7m4qhrs6m5pulf8505t6zlh67cn4hkdyznafl,21905426
58,terra1fnlnyv2c2xx9dfu0ty59pyykpk9s4vqzsp3q0t,816
59,terra19lyxtw66qdaugyck2ss3nxlt2kvtxdv8u785s4,670
60,terra1c0dyakduxxzq5svwt8c9d70jua9ztsupdk8lkh,733179113
61,terra1egdpda67usqnytgvvfsj2s7f3vmmy0pfph2z2g,492085101
62,terra1ee5dfapnjj7m399u2u0r7k460kc8pn5x0208na,892550359
63,terra1jjwa7wm2cm8cwk3y24p9ltfluw4v66uns7qx0k,517
64,terra14trxfd33s6egggyvvymqfssskxfzxdkcctq08s,7305954145
65,terra17gvzd8s4u6fd3afz3wufftwaclzu9xt6ul2gyh,566
66,terra1wwk85wmcd6duduyppskhjchyav4uqyppmtg29y,35599780
67,terra19r8ez7t33j5vycqcehj6rqgc087529w40hht82,124779476
68,terra1tcl6xgvwe8pnxaglkjxamyy4qeqk5p455cenqz,99
69,terra1vgpyaz232wchktgkc88gr2xhqdjqv49hq4tnvk,148
70,terra1u286g95es8h0wy0tum7dta2f5fqpqzum8pm9fh,4323893637
71,terra1ky9ztxjs948pl3aucl8lfxrmcztrxfjkd20l63,1481098723
72,terra10xrc48ryhdfcht227u53e8h055ak3he5vecysz,635634588
73,terra18cg57vnmmn9mpre5jmlxqrwqr24333w6n4k8mm,738781
74,terra16x9qaqa0uw50z9x6rpnkjfl96nxwn07v3y5rj7,240
75,terra1yahg4hd7mz9eqjwguw7cyw8ffxh70f4qlg7rpy,61068908956
76,terra184ntkyvgy9579xhdyh5wh24au2xdyyltchgq5u,805
77,terra1u82agrjrehp09xuxyv0gcnhkwglgh0ph8nk925,710308
78,terra19yptpakca97fnxtzw422exjmn5l8zsljrdg6c0,105594871
79,terra1zh6v9x0vfrnwmet5847jmu6p45anwt945r5uu2,383
80,terra1wv7d6r6kdcdk4rw7qrcumra8ae3030x4skxu9x,881048305
81,terra1ptc6g8ur4lhqd6uwqedyx7fvex8kpcls6qd9en,153
82,terra1sffjs2cm75w4z3nshlyuwamy5udwscenfnm89c,3631823273
83,terra1k8w584kfvamzetr8cuuwv63z53egzgfl7xqwe7,692
84,terra16e764upfa0dq878hzw50zu26azuuqcj6vaaagj,789
85,terra15nn2puslrngmk7tp7pa8mjheden2eegqfxsuda,14259150325
86,terra1lmwls0wqm0w6ygyvxfdcv6gnpf5ktthesjunvg,990230402908
87,terra1p7sxfvskgf4r78h70sh5hpe3lv53yt5957lmvl,9180
88,terra1acu8nk7n9dh33wg2v5gp9tnvtp6p60c48ss9z4,906465293
89,terra1wfgkm98hnldlnhejce7sz7dvtdg39yn5lstt6v,726
90,terra164fqy908p733yyjqpg3gj3dy8u3urfg0ejgxqd,264
91,terra18vwmpsgvwl7cefvkh8j87txc99tyvxw8nq8fzu,17158554529
92,terra17vukpskvhc8m8sf3mj4nvkmnnt0yyeltp8eptu,2557052018
93,terra1kq9pjpllxy5yaukdsz620cjutgxmy5j0lm4q0k,253399714
94,terra1wu9elg987xxgp2x4fefljum6pmd0n09judqm5p,843
95,terra14vttjw0wwd2z69wj4e6ynp9mka8smw79zkqgxd,5909333037
96,terra1ee26wvk2fjs2gea529hpy7t3d39kppz4f6jsv3,1603170520
97,terra1uk6ha3fqz0867suv925hvr3wlhsyw300ytqcq5,2514150972
98,terra19hr30ggnlz3rge0wkfzvg2n3k5gdqs27tt0r3d,229
99,terra1v7hymc5xp2ahhmmxza89xctxmrga5lfjtxcdyq,838667416
0,terra1ad5fev0v20f0eslufzznkj97zarpx7u9wfyg63,1792
1,terra1m7c35gac0grz560muj8rhd8q68s90k4r8zrr4f,180261138
2,terra1dm7mx3cr7ez2l6xmy7x76ku5euaqcgcztf5enm,2682
3,terra1wzkz99dt5035l5s4dctpjwaalxqfnefyck4xcn,332
4,terra13huaw09u9jw5mhzp7r9hhtuzr2ff7a49nchs5s,772
5,terra1gh3jjyucs48xar3dx6v2qx4q60d7s4nlrn3l30,80580154
6,terra1m3az7q7sxk66mxdddrdj7qhmtdm4uw8vr798h8,15961573281
7,terra1xn8cx09nx4v4eks26y6razms03pqw2yz5utfhw,43810821541
8,terra1f5zzfkp5usy0ptg8jd6plus9v4me0q9vp42uf8,1015197476
9,terra1de0ru5j048m2w63k4zvxx7mdlv2gzcflusd3fg,690
10,terra1qkpyfv8ntqns5gvg7ymjqq3amc27z7dgz8s6la,145623590878
11,terra197umj69qr3uxm7dd8v0kpvll93schg5sj2t86x,6213789642
12,terra1vcejw8q7q6zyxs5c9zpy8y2xc6mz8k5t5h3z6n,3
13,terra1eku9lg67298dftqe4qfqhrsny28ksg0m6psugv,4009422677
14,terra1tn0ls78w49vxa45ertwuudf30kgldrcq8z9858,5698240788
15,terra1q8puhwchgyky68p4fhj7u7q9kc55le8uczwld9,2392
16,terra1raaqfxrdgfedsgvgtmzkjsyx9gak443acjh23q,229
17,terra1uty88vq5pa93jx4yhqu5t56nsqp00r0qz0erpk,98054905
18,terra1drk4wnvvstzd60updtd6wcydy9dq883xw0c2zm,1281110360
19,terra1yy9kg5dysnu8efj7afel220gwkrnh0dmnczlel,80668940
20,terra18zczhsnvxarrdaeldnzcdk42cvrwj5nv64hz6u,41964449777
21,terra1vmsk4qp5pkv45v8edq0tlu4ty84qa78rmarkzw,33015059152
22,terra1rhq2qql9jcrmgvzt3vejn92v9mceteg7rysg8j,0
23,terra1vm06nygl0wgn9teu9jev5qe7ve4q508zx9qmzp,5143846
24,terra1wh8m6zfa2mghrfspzw5umdgslucktzvy4kfuz3,421642353936
25,terra14e6p2vwatqpwhy9vls758npzl6thfgfsjljzqw,902576861
26,terra1rycf2ealas4klj2szcj9ydu7svnsrk50r2gxzr,204
27,terra1dt6v39lf0zsalqq6755dmkvfh7nvsn2a6r058y,8421457
28,terra1ze643ehup0l2nsazcfqdxxv7cympwv9pk2h69c,9244328107
29,terra1dfzuy735czdszy57vtwc4ynju6qd98ajxv4cjm,20460115129
30,terra1jdqta295mu8elj80rkgslccjqffp3nlak25lcm,580
31,terra16da8s4zfp5z9kn4t8vz0rnjeeanaelw6wurujt,1413980056
32,terra1j4l0mt02e9x5ln4lxq24qxx5m5e46u3qsnjypj,84929205608
33,terra1qdvpzftrqmxxastarqye68lql655ejmr0sk0vn,9686294124
34,terra1zs96y2audy0t3l25lnqxpjs66xw9wp37nemjh6,179585375
35,terra1dmg4z295qfelfmjsqrh0fgjvanast5yatxzu8h,343068987
36,terra19fgv4r56r8v52k65hjjetcruf3t4wcjzygj7d2,7528074906
37,terra1fkdfp8u3askufyddwsspud9l7h275y9pquyxha,341417907433
38,terra1jeals7crwkjp9sduejzyrgnfdghanlv3nc23x6,1485439974
39,terra1fwfr6lrjz08c609tsvd4yvtuxjcqvmkpmkcrqt,405532563
40,terra1s06ree54fq822ws4flqa00jgeqgqsz4x5mdcd2,86789249147
41,terra1f2kq3a2658c4c2tenerg0e5ayqqhd987206k4f,10121898697
42,terra15naeaudpk5t9u05zkyn6gj6vhd5awx3z3d6dnf,2678170
43,terra1vyw9dcelemthdqxz0v7gy0949xn9e5zyd572qy,8074687297
44,terra1h06unzqjxee0574z6272t4f8zp6sg0z449vql0,42110423
45,terra1vv67cewwznyy5scjzgtaj8vg24ntj3pnasf4tu,43156949261
46,terra1nsgnrjmrm9mml9l3klgdtxqet9ksv0rqjpzmjh,12812893176
47,terra1mxu8y593s5tz0wzjuqcl7kqp5w570fmkgawpha,10911370
48,terra1nzvedjexz8cg0shmpdjdk7538hcwtwqchvfnn4,0
49,terra1s5hfaumkeu0rdgw3pswpcyx9r93z95ks73tx8x,448735
50,terra1d6phyef0cvq7n8z784la50d3tv3lyj8jrs862u,50861661
51,terra1tw86l3njea4v4jm00fkrgjga40776xaxqtyn0e,13444673008
52,terra1d7h9c8w5gs53g5e9m4tzxkdemnvqft2me3eadv,2124431679
53,terra1mquw2a8g88d2kkte9qcp7zxhv4cn9yq6z4mh8l,8240
54,terra1fqnpddllhmr3mfuezpz6dlwe7p0q4gvxtv9gl8,440530179
55,terra1z9njg2h733pn42dd9usgsluhrr8pturz5nahrc,23490623
56,terra1r5g208hjry8yp2dlm5854mvjd046wnedd5fh05,10
57,terra1tk4drw8yrp3ku83kmgzcgqpw5n94qja5fz6hhh,539
58,terra1lfnl4549wrs06x6s7fa36p4xmhg6md4u0d89nm,1134788655
59,terra17d9tu8ld5df54jtc7l8afz8d538kmm58727hyf,17517442982
60,terra1nhf2cuskm93c0ndd47zwjkez70q69lkcujgd0f,176957036
61,terra1mtz6uflt2lj25w9ftmxr2087fylde36u8affg4,7317522631
62,terra1snj96vhl5zjf34hw2k3a3rpxht4emdrsm25gtt,1041007897
63,terra1tgr47l45n3tcjusx6e49jzx8h7wnflpe9eppc8,570628623
64,terra1ydlsttgxmwv639wyt2yx4m0k79l77q0nlnexnn,1143546666
65,terra1dk8wf7g50wq3466cnxc9u9e5670gqatt4sd6p4,542
66,terra17rey6ffrf5w5ftjczmemjglcqt874eq9nfhjn0,2412596302
67,terra1v53ramvnrhey63f2l7yxhesjdre89ey63g3cj4,655
68,terra1k8ru85faasj3t08rgpqag6p6hq3vcrd836ja75,15172959
69,terra1hjdkpcy4290phj8qgnxk0hauh3u9ckusnlzk0v,4330471003
70,terra13jyygtz5dyuldlewxg6a6zmcjcsenkl39p2f3z,10898652973
71,terra1wsqalgcskwdfgvq6vpaa0xgr3zk20amctl8hyc,7286603759
72,terra1ug6lq7jls55tkhcfxk89uaelu7grjenf7n95cc,1688860147
73,terra1kvh0dftqx9evf72092ahzseze33yfnw7trjxqk,84148864
74,terra1whx0jqj0pv7l55vmwnpzkx0h8p9xuut8sxqqqr,23119111
75,terra106797lcpm90pcjvl0ptj7j2znj6eeh4schzl8t,16909336428
76,terra1w2vu7r27es7n84fnwsprc97wyvhl872hwz6p3f,569
77,terra1xcjdhuwxjstakm59zyndj96gh5wgcgwm9v6yzc,589305
78,terra1fyncnmkulyv3a79kr6udr665s4f70ty569hh4n,18149696817
79,terra13w2hlmun77c429h5dkxd3zamejra7cvuu2q4lk,828704528
80,terra1rw4pdv9jdzxfwecaz9688g0j9u9s4x4yyy6405,525851090
81,terra1ry2jdx5q6gqt3982l6m2n2zftht358k5l4prwj,433253
82,terra1t5jhxwzdlhncp33qfnzxhe50s9tdpg47pz3xk6,83879618
83,terra1wwuut3pyvdc2zzjv9lcdgvsvvvl8q2jy2dkt2r,1880397924
84,terra1gjk978n4x4lwzhtfpf0ue053fjk3267rmdzee0,2017217933
85,terra1j6583rtahq05na6vnyurqhpgjekpry4awfmkas,148302688
86,terra17q4z5jngztfhsjd0tcw4d6uzgd5cv23tevnrya,396
87,terra1pph3cgf0t74y50l98ka7agha7xl83267kt3zgt,1195514622
88,terra1zk2y65a6mgdtqzr3puuam87a8g79vnga7d6q6z,3793787260
89,terra1jr7ucc75xl54p03ldv82fxadznqdmxrlct05u2,414641703
90,terra1pmv3dykwyj45nuyfcfax4svk5lhgezc8ydlf6a,2442694156
91,terra1r6mtslvqad78rq0g34yrmwcytkkc4rsu4zd2qp,299
92,terra12g55sen7vvfwdtrlzpgrdtartmp643s6wzxetu,841401596
93,terra1lq5nk7quat90nx3cu4xgfgxslkzz8slexme4q8,21273390
94,terra1q90y0ut2clex6zwuc4mpanjmq2zhgfuardz9ys,753
95,terra1efvn2eymg52u6l8zksz944699l3ufxwzqa2zkr,466254
96,terra1mttegq9ps9pwapu9s0r7a27recnghzgaatgkpc,458
97,terra1gmrse2m9p7unj89zrwkssmhgn9s3zhadz8wu0z,834
98,terra1c96ja650929u3dka4mdzrralgec67l3nhumklw,279905030
99,terra19zf07jzccjeppygm8tr60et7pgz2ww7wp3sxgg,423597498
0,terra1ep28675ngsde62llj2cjv2kqdtrmdv9jcveddu,139923408
1,terra1sehce0gn8sadtq5j5n7fxg2kyy6md6jmjgu0yp,2692477
2,terra1uny3j2hzxtk5ggv3kle52vxag9m6m0r9rd6nsq,821
3,terra1m6w5dcvegfqdnqaku9000trdg8u0sp8mlj64vv,386
4,terra1l8mjy5t2dfuzt9t0eeh549h8up6umckhq2zjcp,402
5,terra1lets0hne8fjrm5sznxx5cftsux2lcdr0ljxmgd,697720243
6,terra1cd3z9ayeaw0kq6wcaynhed97p9z8q04nwcdpvn,18116125389
7,terra1add2yzvuvuy3s9cp6xkumjnn6xh295hseqr3ys,495
8,terra13s4g8kt4pqdu07r8wm2unvzwe3fppz5fhzjkzr,46864385820
9,terra13r7k38ck8kzzw83lcm9wkmhtd00360nnvx676v,466
10,terra1c6yn7dxsxla9efkdw3drylm3tf4leyley3wv28,142
11,terra16xc40yxhfhu76ddlxjne2jvvxsgzx70mdxrkyv,743
12,terra1mv6ag5mk78agtjj8waayrsr6tsymwy8qhenj5s,4483664
13,terra1ltkkfzmrf8lt3a6m4jh704vvscd92y4dwn83c7,25038269996
14,terra1l55unr3xgp5dmq9avtx7uvtjd6snrfgmtje8ej,415
15,terra1j40ltq8q0hevv5thw8vwprwha8l0n7e5fm5v0r,477
16,terra163g00p4r2j8wyaaatykla4fad8hjcmy2gg4r8m,503
17,terra1kl5sk8sck4przpyd6xy39900gmllhg7hsh9jzu,580
18,terra1j84qay8exwpph4t8x75rm5exdzu6ehcfgqusu2,468329986
19,terra1nu44ascutuv2u5c8a5exmjuq8gv94dde8u8dy5,17087452384
20,terra1lt94wp7tjtt82hw3q4wzh7m34na8kvg0ls983s,601
21,terra1uut0lm2ynt9n849q045mqdr9rha35gm06h47hh,5903354930
22,terra1j2hdknfu3w7jpjtq8p5ah5f6slyqzhtfldms7t,6737916887
23,terra1uak4y8h2fwyv4mlch88wkn33wk5uz2zpgvrzqf,577
24,terra17chxnc76d34wuwzg9lx0w0el2tv90te6xan829,5304063742
25,terra1ucrjqsdn4v87hlz8cp02ty4jzg2z86l0agq9m8,832156909
26,terra1n3m7l60em64wdwxefknt6zj706md56h389qk4k,331
27,terra15m95ldglpcetzwze6pnpfuh5s8596ygswf9atf,739778783
28,terra17kkf0dzq6hcfhqeh93fawgmyqpxe3nzgd7nn69,203534
29,terra1s3jn4nr209efnwa3dwkn0y80ldgwxxt74vn8y7,68
30,terra1hmzy9fxwu8kznyc3ahc2dwn3nmwwngp2pgahk7,384
31,terra1epd4d7x52q8surs3kmjv295ewaw35elx4f6s40,21374601
32,terra1k5nwv44gss9fqglvxguale2kdjecpf9s7cfzks,5723612958
33,terra16y6a8qhzsc8g95ef2d2g7lkxuznf78lx6nkksc,144789185
34,terra15fsqe3cy6aq07suvug438w07r5cy003ltdgvcv,926254315
35,terra1sn32guhmvamr8ctmrsdf07g00f629dgzune0mr,3810370301
36,terra1mwaykkw3qm0cjwvt6nd2xumupzhxethlr3nr6k,2724
37,terra1spqushcjzlp3yyyx6nqptsspasqk2xgvecsy7h,61815789
38,terra1ht4s56mp7444rqmeatekld6x6jgyjgtq5u2w75,0
39,terra1lrznnztl3fnx3a65dl3fslffzarj92xlwr8msj,2494541504
40,terra1nm0y70wh30g7l8387cuu3230qzdc2wrhjc4eh8,291844799
41,terra16yc4lvm8hye28pad2gqsrwwzacrfls5geah0e3,18028756677
42,terra1a8ujr4c0n3ws30906mqwsfwyz69lnha68f9c0q,535
43,terra14c7qye6u7pqje8dt0cwj5xwgad7czq0uh67wtv,2887654156
44,terra1kcgh89djwsx6kc5mz88lcpfk60yuzxf9d88j63,10742121589
45,terra133k3yjrhtz886yq3mpyan26txzdsynqutqrmvf,2733862438
46,terra1h3rq83ukjzwkcetxpjwgmech20dwh82h9dkl3v,8603173399
47,terra1ek685wuf66vsmcnga94eqc8w2gvuycdg8kzhfw,852782585
48,terra1svc0lyhmmz4urzg5ca3fmt8elwrquvzgk7uu3h,50977371536
49,terra16z2qzlexpwgkt2z2sy0w298f65gkv8wxspgash,419304890
50,terra1arnh8p3mqfqfxj283w2sggfst2pee9kdy2azmp,1635069222
51,terra1j8jp4mhce6ppcm6av74wmnlutzvz8gyk4xalea,674
52,terra13fpqf4m47vp3khaezygpaqng592kgm5gf94yag,242627495
53,terra148ls06jlxefstq4nmpvq2e8kpyz0lp90rk25sy,676
54,terra1cyum63zr9senext9jhdtc2d44v8vrge72h5nvd,3493072085
55,terra1ekvkcrf4fd5ygusww2l2vn2v547gvcs2ms5afd,256
56,terra1em2qvecs70fgnwprumj4e7uy95ecy4nxdqj3st,34221099134
57,terra14nsc863smwagyv2wmm4zjd66n7znxv7w3g08ah,666
58,terra1uu934prsg2ph6h5g5yg6j5x34zq95vlkrnhdzh,483
59,terra1surk4hqc0awp0kys0a9juyl7z8z55drgenxg6p,48268973
60,terra1julsumukhyrd4pu4anpkcgl3fvhgre0gpplknq,51617977931
61,terra1n5gya47x22dvyywpameq5cp62p5n86g9lry53c,962
62,terra1m4nejz0hayhs0cuplznargtghnllek6z5r338m,744
63,terra1ug8ucyra8vd2r8vnsdcehha4c2gee7t8thx28l,252989617
64,terra1nfksgwy2wtqstfdp7xklat8numln5dlncjverv,10063621912
65,terra1kcr850h5tvk5wc80hf57rrq4f5r7h2xfhr2yjn,347
66,terra1lvjyr27mghqsdcjtd7mdxrmq7lx5yevxrrurrp,9932031614
67,terra17x4t5lpgtlrsww5mjm80vvj0tdf47ck9c78hth,2939794662
68,terra1lzgjc43ptlk8zsldg2x0477d8j9cj9mfgmyulh,2389986561
69,terra1ep6x6n4khgwyz24h4e76m6z9lskf6ffwv04eag,2194303864
70,terra14r6arm5mdx8j4e7f8fgsy6ygux4u4lf0h05rw3,233983853812
71,terra1sj8ed4zlu7uyhscw893jg9ytl6urzxrqeqp8nf,42936519
72,terra13ltsvm5ecj88y0n3nkduk7ux2mekn9nr2hz4fc,2962611312
73,terra1mjfqhfcjtc9u2h85lhguddwec8hcll6ecrm97g,840316681
74,terra17c962pf5rklvmnvejswp53kt6uauk22e4udg94,21941127522
75,terra1jqff2ruzezeqne4tdt0993z2wj9jhpglgcld2r,271
76,terra1jkcx0sdj6d4yl8nn9x27q5kpd02jvw467n58e7,6200091054
77,terra15ghtgrscxfch5yux72t65kcdej9rl08jh8lcp6,5553429624
78,terra1cdzstr5qhe9wvm4ec0jmpjgprv2hpuqkx9klzn,1770584224
79,terra1je7dvt053e36fxcd4hp4zsv52x9n36az369crq,210662783
80,terra1nqtz8c6ygen6vtsdqez0gtj9t034hef9ca8ytv,3122592
81,terra17pqdl3n9pufnucl9u2mq0r58q4cp0qgunkn0fe,486078
82,terra1nr28hz2hn7vu5km60urpwzy76sxl8kcz392mlp,10148618
83,terra1652f5tet3h63rhdwmkn9s0a5qvk0pfaxh8n6d8,43030780
84,terra15wkejt4e5twd48ta6pzlkg6zx3p9t3xkyks2ke,83752075
85,terra15vte5tn6nfrlf4a39hrjhrv70hsgfuk78mj5vt,646
86,terra1m4yydxuw7e77gtjsj45f0pvvs72kghv44tldq3,311794442
87,terra15rgdagsndvneggqujww7c4mpulcve0uvd6gnd2,19384868799
88,terra1mph7jsejsclvu7fnrnrrmqn4mt069e4vm93uka,273
89,terra13y78hdlpzcqw7tnl7cfcekcen22wgprq73l893,80
90,terra1svwuvw64xugkkxnnyujp5k0hmnw5cvdfhzy0wc,42954
91,terra1jfp9a9qegvswlje82qdltkdalyqnnqecwx72xg,1813606568
92,terra1hjmxvhk9sj99hqg02cvfg0n6x6uar5w2tpc9jr,623
93,terra1u4t54r9wnejscqwgt3x047jy7a97zprkwnx63d,2710535686
94,terra1clvxprh77nklf9c0hueyfrgegwgakdahhgz7m8,584
95,terra1lxzyf9a8p5jak6s89q9hsvfwklzh9wzshw66g9,881398547
96,terra15qv04zm2y965xaffvedx5778qypf2lxts2ja2c,712
97,terra1nd7ac5f894d2l6paplkat258dt2k8nnjhn2n3t,592
98,terra17598fglzcpnnyn589qekn4ch09lcztmtrd4en8,61456832
99,terra1krxlsxqc2w9gy54njv38hyj49wcr9hlhy088px,322538668
0,terra1dgdwhpyktn0s9chmgljhpzrwn4txrvmp97sxkm,28
1,terra1ymhyqgwzvx77k6amrmkw50395yhy2g9hu7xpx8,47933294
2,terra19jmge6hjftcth9wa4c6dx59flfvku79rwpw0en,5798170602
3,terra199frtgqaadh5lw03l5vk6wakr4x4juxf4z34xp,4642071535
4,terra19g8wz32f3nvh75l6m9dza9a62pdmeqn302y7fw,291
5,terra1z8fx0yytz6960nqwfdc9l7yslk7tujqr439wxt,955863056
6,terra1rgru9zvlp38aqc8qgq2evyxg9xqg5f7pwqqqcd,172007930
7,terra1qxch9vxywa659xdw4yq532cr0tmm7t9cdm5kxn,770
8,terra1wdmgqyyt4xcvdvfmsfa3xlmd4h5l937zxn5vq5,6789698848
9,terra1p8fpydxuysvhdpyyuywea8yynw4tcw3zrdz7mz,10170524
10,terra19klp7vynkum7spr9s7utd2v58frhartmqufq07,9388
11,terra12g0nce8ktdlu08hl0lsya3lcsuzh3lp2rlsntu,8750597948
12,terra1t33m92tghn3w83aqdq70hmjq9geskx62lcypdv,66765756643
13,terra1wx5hynsymjrmgjcr3fnqlmu0zt3jwxha0r0m0x,849892389
14,terra194aemhkw6eheutcwv634wdswhqtf2cgtytuap9,34681076
15,terra1qaq5j4u56n03u5wzfwp9lkkx3weg4defhptgdk,2032876495
16,terra1t6gmd4jtkhywne7k3648llcgcv4427yeh6t2xq,0
17,terra1ycs3h725rjjpn26mpcwvaymytaxk3cakrg34ve,4423142389
18,terra1qnvvddk97u0va3dtyw9muwzwlqvhzaj57lel7c,319
19,terra19zf7asqeh73s02azsyugju6ked8j0x0v27zjys,4413014
20,terra124q2lfq7skmkrwjry79twql5drk0sz4shefxqv,1732452617
21,terra1g9vk65y85vkucluq6yq78cv0lrn9g9lwf6w2lj,727167669
22,terra1tupwwpe5xr0hfa3wtxekyr98lsm96cw03fcxjk,518
23,terra1gysqfgq8zu39p4tfkkzz7zxdwsjzvz7aez4pkd,63484448470
24,terra1wl74uh278n26p2g6wyw0nkpjykrljdmcdt4f3v,1176617179
25,terra1yxusr2qjcs5tszfk3aenrrtq537tr29wprzpua,190395008364
26,terra12dpzwmhhzvqtpy53udf93zfw9egdex6u92n3al,532
27,terra10apc83desxvkjpnu4ar3wme94gsqr0h205jchz,446251652
28,terra1r7arf48krufzd27wpuu6yua3v3lpczhermpn09,3846036421
29,terra19jhtdm5p707ggkakx3uk5zzxq0kpgtd7vp5cfm,498
30,terra12f8pr3wa3c582s2gghzg68jattu40vqe7e87m0,14566488
31,terra12shasgu2my9d05n2meg5r3hcpjum5sv59h9wz8,2020637394
32,terra1waqrsqxu2n899v5929ndjdy4wyksgj85fq7hy6,5352227690
33,terra1fstz53gwd6ess87fnp49m34lyykqawdjn8v4fl,143
34,terra10z2p9xcwcl7pukvqwzujgqcelsh4catfkqk9n6,2805225017
35,terra1qa4e0qnzkhsp2nkjjhgmkxm3tztkjs6hqj0xu5,6478681723
36,terra1zqxpv470g2lcdh4drqse2xwcaxtmvwcxfnagj4,450
37,terra19m4s87046hhh6rk5lkquqxlv0axxgy5h8ur96y,84583
38,terra1xfl5q9ec32epj4nemzp7ynae99447u6ze0sz0j,4010233060
39,terra12rjd5p8uuemvkzl0rcxpsl4anr7zkcu4tnzcu7,404
40,terra198hvfdtq3y2a2kwqsvuj870p42hf547gmj2quq,615
41,terra1zp3a6q6q4953cz376906g5qfmxnlg77hx3te45,10000000
42,terra1vkq6sv7nmhrlru568hx2jj0tmv6ky09hfq28sk,662
43,terra1rd2drefk9pqrmputss0ayyql4lxlphr9ydj6u8,2222105947
44,terra1y8ekncqkmpjtedn2zrferz4f0mgt0zye9qty9p,631842
45,terra1tpjpuup2kjgzajxqzq2lt5jk99umn98p0gxt9v,3630481952
46,terra18pc5slpf3vyrgx2ehg0ep3mtrfrccphl5amc0f,46774965
47,terra109mtsz50px7a6ttnst0q6r3m5uj2ptvej0j4c3,81934409267
48,terra1yy9s9s0qxgpdr69j59v32sd83z37r8ljy9etpk,679
49,terra1qpkg9r2zrk5mqvsf89czuxyujmwfrgcy7wsea7,93609581808
50,terra1y3qx2mut32h465n4j2a0ed5d5r3rl75l2y7kug,1602900880
51,terra1fyensc5tnh0np5a53yr5m7v8m9rktly7fdan50,19
52,terra1r0x93kh8eny69rudrdy5cfqepgssps8qjpd33r,820179116175
53,terra1y2tu49w7zklm7lvhzzp8pfaafhv2qun6x3sevw,84288091
54,terra1vez9hsuymnkfrj68drftce5mmvl50rwz394sfg,3005922426
55,terra1x5dyvkgd09nck7nrm2afvw4uut6tc4s0a3xwug,45701137
56,terra1qftfecz7c40v9sarqhcwcaw93lvhlc9mdgvv46,1
57,terra1gh8cm5vkmzcpmyks289a2kz5u5pk7dxh4k2klk,671
58,terra1q7ue6qwmhhwgnn3wvma6u9mnmyuu230583973g,2703138362
59,terra1v7em7cvnxuy9vjdf52u2s4fpxljatqquepkgx5,595
60,terra1vlqdlrdgwpld6yjjwj6epp4kyukxunkwv76tce,4609677365
61,terra1gtxujeuk6xwausx4p4vex3ewt4d6g36plfl6k4,2828376321
62,terra1yxx5xp202tulegpumddc56xyp2dq5llucldcdp,19944249
63,terra1wtxg7307p5x8xs8mdm2u5xln2qfg94l247ntfn,0
64,terra1yjj2m38gr8ptntg9nrl0puk2z02he09r7u7qnz,287184181
65,terra1fl75crwqm6pvxm00r7ugzdfswyrkd7l6885h69,29566986559
66,terra1vycnw5m4txzd6x4f58wurj9ee295aftm9rmur4,703902
67,terra1xxkrsmwkp8g9xlk88avrtcu0vp9d7e7x6anx8d,820
68,terra1v85tshsps9yrtd6jx2nlg20mh4xq223tld0msm,11660336852
69,terra1fs3fc7uxut4wjc36r46q0xvvuw8fv7dy0xtr9w,1883889
70,terra1vlr7kgvpy0y69gu0xgwsp80mxxx3zar6vwzlz7,569113056
71,terra1w7f47q93d8t82kqxqhpe2xvlf7cll6uq02cjjp,19050329330
72,terra1xx5f847lpgf2xkx4xlelzfl5g4zfgm26w0azm5,23150304
73,terra1y959yvek5x80kgeml3fj9yjder0kc6r40l65re,7573073963
74,terra1wpec79q3v62uy4wyqvu90vekky7wjl8qu9zsew,11256680724
75,terra12xxekw6yhm8jmexkl8799ctg8vucq03yh07pgc,956890109
76,terra1ru8w8d7w4ex8znz8daxeqw0tvyce592u87t486,157
77,terra1feutdmhpfjvjezz5s06hefncev8sgm92tnz4sp,3303066500
78,terra1235m35cueht08pd4yqy9xm8k485lfvgtdxwv3u,561
79,terra1gep8lf6zax7mr3uygu0du6xnp7qaqjdx7peq8l,649
80,terra125lrcnf7yulwl68m77jcyy09uxe55jct487el0,372
81,terra1zk7yxrsle6esfn5xvct4g7yxcn34wf0hegx76h,508
82,terra1t39e6yqpky40e054pzlpkms6rdxqeykkwxdd0j,89696
83,terra1tcw5jkljh3js5detxne763f4m9ctygf8mmzswp,28502283
84,terra1w6636j3xgwmpqdhthhh04z5sz42aykqulkhysw,815
85,terra1qc0udm8uuph0udpp3prhhuhlc2kurv557hsw5p,21680161
86,terra1gg03uqj4un372qxyylf57zlawn3mps76p9ey4h,159262716
87,terra1ycaqvecd7kfqlk76as25r0p7etyv77zykny5d6,508
88,terra122dyttvr6fx4tn53tcu2r02tn7k0fhrj25rm2g,9693185546
89,terra1tnvn9lgggrgag06yzgyakttuahnvtsgq5jhf5a,131
90,terra1vdgnre4glrgu79gketpsjky9u23tczzm9rlc7t,0
91,terra1xrqmfxlaxjultpp8zjaa6k4neg34g7788lm9q2,848916
92,terra1pegl6q6vhr6kfr86d0ka2ewkw38n9fd5smgq39,16779820305
93,terra19qwmfkgaqp3hada80sqletpke2h2mwvpfetwjt,21344467539
94,terra1r449tpycwt3ste0c937h3hccy8npyy9msenekv,1284242722
95,terra12u6j6a0qdzjdrr5tgzfjsj80jm6g0npxvnppaq,17948765
96,terra128mvrgfxeju8rqaksvh8dwkzhw4u6nfxvxnjpu,1889386265
97,terra1pzdap4kpxkln8c8um7swny2228vtj3kht8pkvz,14046359439
98,terra19cwlxlyd0hjdq5e2g08hua4pexnuxrggzwqejt,82456526380
99,terra12ehq56mpn4vvtlcxv8t9hk5vukxmykq4lspxrn,630
