,address,bLuna_balance0,terra1us2m8g2ssq3r6ng3zxrp9synuk8xurucl46n2d,0
1,terra1cq7umdcn50y6x6za9a5me2kakhcgx38plvhrt3,0
2,terra1elksrj78ge3t5asvkj54np7wx5vndyv08dhqq5,0
3,terra1dd86hdh3s73ujcj8n485ukutydz3re2y03xwm5,40261817
4,terra10wm0pw7flcx2plsm4tvesmvc93n6gfrncgexfn,6351
5,terra1jntj4tzl6ztc9jhj4da6vkplfq3cq3g6uk6knz,7538434
6,terra1nzr696p0ausgqv6sqegrga2mzju6xh7uzyas0a,0
7,terra15js5s5e9wxr2ml4ltylhhpt5e6fpdwqhk8ykpd,0
8,terra1mjh4uzqdttfylzrzvz74ysfxnl9ks4x4d0hd6p,0
9,terra15tuz9eydfvuyzf3ashyrcqntstxfr3fz393xxm,0
10,terra1gnn6ymymgmu5xvp3pgr5cmzjp2pjcyeg0l8n5d,0
11,terra1k7rqlattaaau6j54a2rtxtsup4m8086k6yctvr,0
12,terra1796pfhdptchxwtaa8kvsrhkrfw6ayzad4tmqem,0
13,terra1svgvqvhfglhulcf29pw2k7e0f4mp0nq2ac05qx,0
14,terra1dmjm3elrzxk456rnc4geya6hwwufe26uq2nsj2,0
15,terra1qlr3tt3sqjp9h0jwlskyt50um9d3aahxggc0j7,0
16,terra1zerz9x8fe43eq3vxj7k8jpmxtga2k0qfstzvjl,995724
17,terra1qgvrfy55zlcdtmj3zq7hcvx0caezny3r7z2c2w,0
18,terra1un7vhwmee8k4aqgrgx4t6cvtp9s6r7fm2fv446,860978
19,terra153z7fxhgt0wlwjd7maystsggv8t4yq763gdn38,2
20,terra1vn84zxzd5ym9kgwmqjqz8zaatal3qddl90yzc7,0
21,terra13gmln260345nlm2752sfhzwdn8np2am96jw62c,0
22,terra1nt623wal8u39dqg2298f2z6q2pde8kjh67xvj3,8681123783
23,terra1z2m9k3xx5lnmrdvfe5y4qzvzzd8wrpjz74wc2h,0
24,terra1tp594e35dquyhajse0unfkzfdqs3x5p4zg8ym3,0
25,terra14u2az5hvqm50ewyaf7222sgnk2g4lqqy6tmn8l,0
26,terra107fk3mcp2h9ykzw52ezcc6ccnx59k3qywyee0p,0
27,terra1ynhjveejv3rjxvxcuerqy2rwc06mt2cj7y63je,0
28,terra1c5jtdvys9etllsr40s8q6hp0satxw0j4ptshrr,0
29,terra1d445t59q7j5pwm2ulx278c8vgydfft3vgnngja,0
30,terra1ylwddpfx4zuangj8jkl9paxdq35s2cvg9htesp,0
31,terra1kggvn0cnzjj6slqe4k4dmeljtl7xs8yr5agcs8,0
32,terra103cnuy27dq8wuh8etd5pn735du34dxpsqjc7gt,0
33,terra13rmh2ffmjcqqw98vwk0fdmthz9ruwe8z97nyfa,0
34,terra1uwm5ns8n6zhkmvzmgvdkmdw56prj03ugd4axqg,0
35,terra1dmu468sn9qeuge9gfdcpkmtlymy4staw8mze33,0
36,terra1mlzl3z904m8mja7demqvkq8hayp5s9dc23gc2l,0
37,terra1dfesn2xt5dw8gsqcq42wwmek08a3r8mjv4mjaw,0
38,terra1nqjm5dpqm90mjj2pgs9c4awp7tfhskl9qw2q2j,55015
39,terra1sceuqdp33gednr24vl9cx7tgqrqywfaj7gj023,0
40,terra1ajr3847ej86la39kzfqnr0tlju65dtjf8th2s9,0
41,terra1xkgxazp04a932p5y0jlchj7kynrjsjuc9hgufk,0
42,terra1mqmg058hmpawhtq9skacgwcypj7507tz04umge,0
43,terra1ufgy66w4vpwl7afs8qumrf0rlr0fqkz7dayqaw,2217
44,terra1d3anmu5nh9f68usek7h8crjcsjc09pex0yk989,0
45,terra1ml0vt8el7fzqgkzwpk9vpnmj3xqwtpqt3cv5mv,2
46,terra1px0t0wl6xerf3kzpnlgn0qus0vsz9f5vvkl2n9,0
47,terra1ylc784n6f3qwzcda3gcxwfufsg2swz797744ap,0
48,terra1wd5mnhge6dnd57twuvc6znccdv769xka2xv9vs,0
49,terra1g5nmt0hwh8u7zna76vjztlwtt8jzgjg30v5ycq,0
50,terra18kdndr7txw04hm5kr0evtqhvd9wr822mwlu3qt,0
51,terra10km5ukfg8cvcxpjf0xckct80f3y6yqn9ty4nmm,0
52,terra1ckflsynsj8sde7pghfshw78j0c52qmwl7wvz0v,0
53,terra1c8gdsh67lrqkv406el28nnhyx99zgzepju43mq,1629219
54,terra12q0x8ylzjzfgz80065ew2wxdzc7rrjuyta84m6,0
55,terra1u4np2dhcjtnha00k2j2t8zqg4q5t8gqcyl0gpj,0
56,terra1gramh7syf6e9w5279vma8uah2hsgc0gd0xwlgv,0
57,terra1mp6gfjsqyxjmkfd9shfv90eu0dssyszmz6hmv3,0
58,terra1n70lrk430yc8gqknhwp0rjx803u8gqluh28eta,0
59,terra1psdh934mwk6s4wx93v0anzh6q90uxkx5p4dc6g,0
60,terra1pd4n4434pwtwmncg35uvs5xdq3gdv4aewsvp2y,0
61,terra10ep7u78xyye8uht3jkew0mu8cc7e88qapufmjg,0
62,terra1pud2pzmvgusqe663g69kfamkrhtz9hnupdr665,0
63,terra1xrmpxw39edxn9rhnyaaltfacvdk8n08lnq5az3,0
64,terra1r0vwcr94jtzjhcpwmhsdlsukj69454s80w8h6c,0
65,terra1d6je0jx5heqyahhxaallefkx53ev20swfstkhj,0
66,terra1wcqfe3v5y3l85cuecjj6fxpk27h40gcfeu70dg,5519580
67,terra1ejckn6tpvrfg0awvkprck6vhk8rx2tl53lqnf5,7369935
68,terra1zhhcjl2528nfh776rmvugx434r3enf4trnzrm5,0
69,terra128mpqdl4strdwflj5xxaf07r3wur288s6sl6qz,0
70,terra1dy8hwvl0r2q3shjljq78uelvuj59mtjcj7zzq4,0
71,terra1ccgs0pvrs4uea2dtjnxeheqfgxydsanasvzn5e,0
72,terra135v7rsczz3v83k8etwm9elc0mkzf8q9s4aln04,0
73,terra17l6rthmned82qjg2mpnvjgyvdq3uyv2a0gunzy,0
74,terra1yzpf7mf0g8dknj3vwk7nja7meuajqm3qatdkxd,0
75,terra1zygj75qhxgyp5een4emnve6uh22n48pu5937km,0
76,terra176nuzyftqx5kh65v0u7cw25zhfwg779afxgv9f,6672
77,terra150qg7t9yx8tz58v3ympkfky0jgxxgksvn3nr3w,59999604
78,terra1tyvr2gfjhavcwx7gncrq9q74pn272lzftuc74z,0
79,terra17t9fgge9sjfzrgug24nn04j3kkl2gaa2tvgxtg,0
80,terra1x3v9u358rdjjv640g24rs343jqzuhx0q56qkcz,0
81,terra1ss22uthveha7j206rejlw4rd3fzjden25ehc2n,0
82,terra18whcjz8qmjk2hgwr6vqqpxs8rk4wx6en72vvrd,509996
83,terra13uhfv2ej4ycvulycyvmqe8dsjzc5flklq3n5hw,0
84,terra1e577fmz65453774rmmdp5svzxy02sx6grnkegj,0
85,terra1p3fnapq5ggnn006eh9cd5rh9pa68s9x55vf3sw,0
86,terra1nm0y70wh30g7l8387cuu3230qzdc2wrhjc4eh8,6114043
87,terra1dn7qzw5xvdrg7t523s6qqj3jjecfku03myq8nl,0
88,terra177ha7wwfvlu07gjnf7vq75hzts3pcggvja0drp,0
89,terra19jkql0cujy3ate9ma9aj3sj7853w4vfk7c58m4,3985
90,terra1v033ehc48fccwjv9640dqu9rwmaftlnk5j8zss,0
91,terra1hq8nvpwum26l2y6r4h2ttz2qfrqfce730w6uqp,0
92,terra1ed2xfp07lxxkc967hhrv205ahs56xxxtagl0hh,0
93,terra1fptj0gx389sud288lhy5t6luda9lk95clg2zst,0
94,terra12hjaxadc9skyrwj6umvjyjw0cuz4mxchg7sptq,0
95,terra1x6e6rpsgauln99yrzp9d6nzt9w6hzlujcphm60,0
96,terra1jq43vmd38ltq8gu8rj3ml3xq7f07vg5vyqtcdh,0
97,terra1n84xxh0t7xwvk0jl640dplykmxd3jyees90mnr,162121076
98,terra14m0wwm2jpuga9cuylhjjklkvplsfxz5at8sa39,0
99,terra1me9tqq5f6ffyjs08736n6jklhqcjnlz4lyzsp4,0
0,terra1us2m8g2ssq3r6ng3zxrp9synuk8xurucl46n2d,0
1,terra10u79p07n5tca3zfast6ujyaeyapq49qwsps6w6,0
2,terra17fc4ddxklnc8r8yqvq24xuuq4hh227lurt5404,13421804
3,terra1cdgdfmcv947hyt5ezmy9aaqnf6ktg86k0zvuy4,0
4,terra1kr04g96zz8lql97zjqprq7y5tnuexvv4xt46jp,0
5,terra1nghkxpr6axs8gjwudu3e2elck0lan74mp0yca7,0
6,terra1ek6hyrntfz8gz670h3u43xt8dtm55puu3d6me0,0
7,terra1d7aavesqpyj76n8rfh7f9wyp06nx66rhmvadkp,0
8,terra12ta2vx6m30gujc6mq8w34hgu03zre25scclrl7,0
9,terra1wx4wfpa2yvnphq2cyvgpx3lzzgcp3ykvvv53wn,0
10,terra1x78yldt67nrm0p89jtll3j99fn2qzlzlelr7va,0
11,terra1en7sz6n6dc70unvt2dt8ud2242h6hlmptwj6cz,0
12,terra17lwdg9gczty2aqp9049qtldmx09u9w2p209nl2,871
13,terra1gsnuywgjph84s4pa2ld740ttmhl2n798sjcy07,0
14,terra1tdxrxazats823w2w09gw98z493g2thy8jvpvzv,0
15,terra1f22xq0s9ywjplzs8m7m2uch7v5tze0egr67hd8,0
16,terra128a0x45q0fn6tx5lwzeec7l0sdxlktqewyuthy,0
17,terra1qwjp4nhpgjzcr8d7daa6vfkvvyx56tdg5gv0q2,0
18,terra1ftv8xyqm5dakuepzsltkpg3fw3gtqkf40hztxg,126135
19,terra1ac5nvmt7y4wch2745zyqjzvt0pr8a7q8zu4r4j,0
20,terra17e22uv4slkhal7w3g2ddfavkc630wvjd72aayk,918
21,terra12rrtenky6juupryzmw88us37ppkmquntej4wyq,0
22,terra1rey72fxkrxclqsee5lawjyk3zjjvf25f4avgky,0
23,terra1jeccv6vueazd72n3pzz4zm5z5lww6cs3yhge7m,0
24,terra1ffjgwqd6xkhjnux4uuafpkdschae4dqt2cqse8,0
25,terra1du5jz06z243zhnjhkflh03ktyazvn6sddqwag6,0
26,terra1pjp72lhk9nzayczpr29x3mldjdkuv99vasjj94,0
27,terra1qanlrykrjytcyrl7jf0ud8t2l4y5439234d3an,0
28,terra12f4w2y8vftvl0akkya0rnf0wgnd85znrcu36w9,0
29,terra1f9hx20kz68urapphlwctkx7rnualjdlfluactd,0
30,terra1jpugn8mujcs72chfq322wjpswlp0dsaqam23g9,0
31,terra1g0z36dsxpag3j7mwymutu8p76rl2d3aamv2lfk,0
32,terra13fa9gg76jwyc4lfkgz3k4lalrjx4xn6n4wfy95,204948654
33,terra1tnufa7crqfrapsceglv5qa70mn403mkhypqz8m,0
34,terra18lxysqt4slw5sd24nak8chg9y8mucp8pahfsyu,0
35,terra157yexjpmuunr8vnn87cff99l0mn699fz4fqz47,0
36,terra159r9xuk76m43mq9dfhax7zjsyl0l8jgdj7lcua,0
37,terra17fn2m6nzzgmsted55e8lx5tu92rvvwnla7agxf,0
38,terra1jvy5ea5jgexerjf58xlx74epwt6nvg8y0nydvn,0
39,terra18md0rdhx3p99gfxewtwr6nr39yu7q5uzv7s9zw,0
40,terra1cu25z588476zet34kmxckwp460yft89de47g8e,0
41,terra1c9rce4uj09f7c7tpvy5yjvnrhnmd0k0wgeydxs,0
42,terra1cs3v6a590c89qqw0jyujfgze3du5fuykxj9uld,0
43,terra1dsxt9kht02yfk6xqr0gyeuz5wzxq9enfdtmj2p,0
44,terra1lhsyr80wtxdfkt0pvk3et6yajqd0a0mhnuzs0a,0
45,terra10plc3x8ass5734thwzlq6rwtks3p7fqvd9d74y,0
46,terra1gqtu6ylvhm4pnad7gfw7jcfkvz6dg8gn3v9vqc,0
47,terra1ck5hzwdc6nyhhqz965sgmq3y4yf68c426xnt7w,0
48,terra1wakjrv5gatqlnt8ks2yruwnvtg73n7eu7x4pj6,0
49,terra1pf57pm3uk9hk2xvjtdddx9tdeatuypc4ph9lz7,0
50,terra1fkcmfw6v3fdk87tdx3v0rfksfxunxtl906js4q,5615
51,terra1h9xwu8ljvaxm3cjqh62gu29j9hf4rvlyrg95ew,0
52,terra1emzp66cqvcnyjrmdmlwsef36r37g6vl78rwadu,0
53,terra108m4pypmw47e4w69vcpzlj3gcypnwmga27zndg,0
54,terra1c8a20ksdngslnpyzyyfnn2zzr75wv2r2cz33lc,0
55,terra1qqvlrz4wkw0dyvd63v2dp76ec6du89eqhwm3wm,2165921
56,terra1rkeku84xc0cwwpmwp0acqm89tmnftldq5rmxv7,0
57,terra1wcrfvfknhd4ap33zakc6hhfde0xzryhc3azxpm,6985
58,terra1suefddwnaastdqc9zwdgthdqqvcapd09wqlk9h,0
59,terra143qlhnnusna3nv7yqexdj4wup6c5u0vhujjyh2,0
60,terra1n5mvzph5gxvkplwpdwehlyeqlywtznvk9neetx,0
61,terra1lts03j727gzrwq2zjp5qu5vlq6tjxggk253v4p,0
62,terra1emnv0thescvkh80lsydnvjwjlx8v7ek4srrq55,0
63,terra14tau8tcfcfs0hp49l0mxke7g4879sp0v98m2f9,0
64,terra104ylygn46jrytgkdp358rgmwn4gj02u84nlwgr,0
65,terra19rdgjkls7xr5y6xeny6wnjaud9x5fhjhdj2tst,0
66,terra1lwxx6vlfjm8rfefwtrx6vaftqu4eqea070s6cz,0
67,terra12f8d8f9n6cut2y4y3zsluj7n38v3dz88yg26y0,0
68,terra15xfm86y8rc8t2af5canjfwdwgwtffj6tz8peht,0
69,terra16e6t4ngr5l7km9s5uyvel7haujnv98pm5ss0ky,0
70,terra1clxay548pg49my7t53gyn6ty3mxk3a5c0784pp,0
71,terra1xlxwhjn5gpz03nntkthkumkt777jq2zr3nut6t,0
72,terra1nd7ac5f894d2l6paplkat258dt2k8nnjhn2n3t,0
73,terra1rj65d5pkayqh053utfvnf5k6tkeyjcn37sckax,0
74,terra12xt4v4j39277es20a33w075t024fnpdmpdw3tp,0
75,terra1y60w079yg3r9empx9g27s4zgczmpaz6www85r7,0
76,terra1rrulwff93u8064drq9ek9p59ug27ndqzjt8zpp,0
77,terra1uzgjrgt8twl9zlfv33yh9gp8lht9pkca6xx8gr,30257
78,terra1wxmy0v0llnskuswvrue8dpd88x2r89e5vwdcpm,0
79,terra1xk2en6wfwfe272r0tyd3t50rc7d9j878pgehne,0
80,terra1cusdke2h6pwrj4a6rw96f4j5kyht2xaxwa0227,0
81,terra1nwmm6sqpp5h5sgnly87p2vmh7gc2p6jhsaze4p,0
82,terra1lt6tmexe3p9rnh4nm27fk3exz4qdd7u3g8elfv,3805379
83,terra1t5688fq94sg4mpfzs2v06kmlw5rjkdeyqzq9xx,0
84,terra18uy8p2wf5n42q258z6f9afjc2rcskneayv5tal,0
85,terra1kf0l3mral9lr80umd2m36uadnx9cr2l5ppkyqd,0
86,terra1n66rqz9z0tqfg86z937yxjc707zytgtwglm4yt,41091
87,terra195u6nk7cntvngmy0n93w570kwncmuyyfvlzscl,0
88,terra1274w69h0q0vkjzpjlqay3zax56vzdq66p2q0qq,0
89,terra1ks85accvc2ggx3jgr54g7cnwhdjp38etrk27lg,0
90,terra1qxd5kpwz64wkur057twga993v77ucd28ghg4jy,0
91,terra1v75hzz7rr8xfq0yjx33df76tmxgg6gld6sc3yf,0
92,terra1jltc9ke5rwgp0zyuv0j6nmn3sglnzwtdtxqkxu,0
93,terra18mmeq2s5m8dxemn7z40ugrt2ruvn6d49wvneem,0
94,terra1ajlez9uzxj86fgpy9xmwr7qg9umuej9adpyccy,0
95,terra1j0wkvyu5wjqws2mjpvszaa8uaqv2zsk7l9yfen,9983579
96,terra1h7pxl9ts4xuzgk28fgu6gzux6yyje29umhuke3,12909835713
97,terra1rynp750qw89ukq9xc9gc6m3xhn5xqrg385zt9d,0
98,terra1sk3k5hnejegsxt860w34ddppvdedvxry57pgra,56
99,terra1j40ltq8q0hevv5thw8vwprwha8l0n7e5fm5v0r,0
0,terra15j5qvyc4gu8n2lff6h3erl59rkdy5fdxdcnfgr,0
1,terra1vjrdd00g3qdspuehk0m5r9du36zgpnecs5c98k,0
2,terra1eqrkq7ty9p56as8pzxe3surc7grsrf0s3wmqsx,0
3,terra1fkg4syyg5gvsggn83jh3ax7se0ydcl20yxy0pp,0
4,terra1zjsf3cj0kt204h45z348uyt76tj93xyawrwvht,0
5,terra1xnlq2mzjheugyjcx0mssh5wstgppzllfflkj2d,0
6,terra1garst47rdj72nkhcwf0k0mgfyf8j4khf8axgrv,0
7,terra1neyeaqyhe99gtecr3xjjyspwlr86h64hvyspn6,0
8,terra18vj7e0f63wp4247lks5pkj0vkcmqsm3hnwyuf8,0
9,terra1xq6qdaymj5qn8ujh0nmnmtz59lrjehqe6acycf,0
10,terra174xm4hn8x85rzs8kv2sdw9yl7kuhpqfwfrly2j,41716
11,terra1dghylf6k7m0wwwsh2ww49w0p3a5v0sxtuhl2wc,0
12,terra1p5qwta7svq25fnlfkqryx6kp43eed042aptfzf,6761487
13,terra1kzp8qf349phj8dm763mxj29mr2zan67mz7xsx3,0
14,terra1jyxljeq865wsndutyyr0vrzzq9tj3fa6rmhgrl,0
15,terra1vqexkl69a43ytksw7nejvxxgryn56a7xhnwfmf,0
16,terra1adc49l5eny4uhagn8unu80zktcr0gtmqjsw7hr,0
17,terra18v3f8k3z6uppadlvvm8p78zjp3qkgr3v4esxf6,0
18,terra1unfampa39yysx5enetswhut5yxzanq6asx49g8,0
19,terra1lqyvqhwvvyh0vjqxy9yxc68wzw0s8xwp7348p9,0
20,terra1hc6hu8ye0srj3p6qnujf3hx37p3xkt40myxefr,0
21,terra12tvmmwwy5lpq4xjp2h5psd9fxnukvd2afg7q7y,0
22,terra1xkjccv0wjsa60twpqcezg62g80l5k28r7xjm4y,0
23,terra1nldyxfgsy0s8t33r3garh5kajpdcaa4sxf5yvw,64631
24,terra1nu4uhcpd8dzjtp6ep8u3nzncfdtwwa2ulyg3k6,0
25,terra12tdg8hzw5uzjdzfpha36feuuswvzcrd4gd4wsq,0
26,terra1fkzqjhdv0c7aafvgcgpv0pmh6q2648pzlkdcgk,0
27,terra1pqude5gsq4trvpsuu0akaj96fz4f6agptsk876,341825
28,terra1qz3v4gxq2e8xajn8hukp27m53t57868096tpvy,0
29,terra1r0rm0evrlkfvpt0csrcpmnpmrega54czajfd86,0
30,terra1sfjmlvhkvz0r4nv04gzfqu4vsg54gt9ee5etyt,221
31,terra1d9w9xpmw7hv5ehttma5antggp6whx2s86ydgy3,0
32,terra1w2r50rxggaprqsngefrsc2ffnweavgnlm7mjlx,0
33,terra1kvzapysslwuanprdvwvls7c2gq3g75jnw2ysvx,0
34,terra1x0stpg0jhvsd9lmgjx4cau9cyw6575p74hfaem,0
35,terra10srt6q33m27927qqmesq4m4utp7h35xlm9cr7l,0
36,terra1cgycqx6l3hasnsj99f6kh5ur05tjf8j02r3993,0
37,terra13n4hrla59nfxlzwmg07k5mewjng3f0xm2lrztn,0
38,terra1hgj9qd99ld9x94efj072rgg9e0tq6qrw4pmaq0,0
39,terra1hkpm7374z3hh6uewzvjupgpdtcx7jm6psvva2h,0
40,terra167tpq4deqk25w9q49l2y26rek8grlprmn8tf9q,0
41,terra1zfzmllkxlhqxl7xdv48v536fz8js06ssxeny0w,0
42,terra1maywlv56pfztrnucg9h9ur8d2xnanyywn9ek0g,0
43,terra17st2l3mmq9wluxp258uva63zv8s7hlta3qfy20,0
44,terra12002kvuk48ejwumn5r34rkdq5630yz3lxxjdkx,0
45,terra18l4xftvr2tqt6q83e5rcr2glks4artg3gs68ll,0
46,terra1v49f5at6t5dg26gmrglqj84fpl9xgekmw0u99p,424301
47,terra1vn462wl5nqjaqz0qfmnl2x5epx6xytkurk99yw,0
48,terra16ltcdlzajsrmj4h8vxdm2cvqsgwfwehphduhch,0
49,terra1c46qxw6yw3a77j4jqwu6gqrm54agp2ndww84h2,0
50,terra1krcz5ny7qccjmq4cml0jcny97w7gdc9nut3u4d,0
51,terra1l05yz5lluj7atzwysstpxe4rdvskqfka3gwhf3,0
52,terra1dgek65ypnpmt6lrx44l68j79rzl4masyea79z3,0
53,terra1k0h9auacp3cj0hh3ach9wzgysfgxqcus60hn0a,0
54,terra1c96jrcgkelvpxa9laqsct2zfswd4f26d69qduw,0
55,terra1fcdys2w3gtk98rfesllu70mqxwwr5tc2k0d0v8,122939967
56,terra15xxjw9v8wgse6yghumptznngj0qjl36d2gc5lq,0
57,terra1g2u8wmetlrgq6rpr4ql2k303femchaetc82c8h,0
58,terra1gettzhqf9h8zwk60jw64my59ucsqkkjs9jps9d,0
59,terra1zwhkwunn5a98dw2jaa0agpsedyw08cpnhd4g2k,0
60,terra1ay3anh5rw7x205uaqpnr4l4634yqkxd47aej25,0
61,terra1sy5ylr92tpmmzfnrxfdqpm0hxg86z0pzpz2ls6,39650731
62,terra1hhv082f0h9ep8sqqydsj4vtms5s8rjcjeq6vwp,2099719480
63,terra17jm9jt5rgpqxdgmrmvp5hu3c6nn6zev0hxl4c8,200000000
64,terra1ds4d09grhygp5ydrkha7g0urqts0cjcxzk38j3,0
65,terra1w39vxkeduh0vrkv69lxfvve536lmw0gh4a786p,0
66,terra1s252nqlxkz0gu6y5u28urvx0wyunxyna6gaetw,47974
67,terra19ews5whqel4zff5mpa3s4vk7az7j0jv5ex6uav,0
68,terra1uxqtc9sa7s08uudcl5njrxvtptemlvlkmrsvnd,0
69,terra187fm2q5qac8umaxsjq5al49nazc79ars7lhfzh,877435
70,terra139838q3gkv799xacp25qqfn7um7049qa8glwu4,0
71,terra1glavqp8e68rhgxpezn3sxjmpudz620la5yjc52,0
72,terra1n3swas6u3ut29zffa0ycmkq402s5em64nsg2al,0
73,terra15ldqmfffgeup8mwmjppxp2ltcah2tqu04vu6l0,0
74,terra1gytdn3ax4u8df4dt6v6wq77ypr22sta4xf34nx,0
75,terra1wdyaqj7hvvje7t4r490j87a09xlczamzdw68yw,0
76,terra152hex70h79umtf7hmlm0zqgsugqqld6sn56247,0
77,terra1sd5hxt8nqvnnrmfyw7y0l7wy24fus28mc7aakd,0
78,terra134q2k0prgjt2uh7jgnue4623jrfrk4gvf3cm9e,487995
79,terra14c2nf8tlmy6d8jh3vqevmpxzprj5c45uwycwxh,0
80,terra1rkrcuexlvrv6hfs32n9fef3mdpdrkcg4jgxyrm,6220736
81,terra1n6233mag7k85599f9gfszxkv6j0yy7ucp20nmj,0
82,terra1ckq9fx2l8s6p39fmvtcvp69rnqkgmyf89sg7e0,0
83,terra179pgxsl3x8q72flmupezcvwracjl98wkvssnct,0
84,terra1503ufgf898w7jl2t0u60lt5x4ttuxr7zl2dzwn,50009640
85,terra149j6td28kcpm0dersymyfru25r9hyxx9c22kvw,0
86,terra17tqh5c2k6dx3yapydmdn0lvrrgcgkxq8c47jf6,0
87,terra1x0egdsn2rgqwgrv239k0a98vx002yvpddeadd6,0
88,terra1mx2738vk84k5wg7fksyjxmh8a645csc8n68a0y,1365596
89,terra14j46g25rmx8uyrt62r85pjfn2y55wnwhf895jy,0
90,terra1ynl5gvmds373y85f4fgpgrakectrevmqm0e7lc,0
91,terra1n0gp8th30tr3lsvryd7ftdzm8pg04hjm6zp2gp,0
92,terra1rhug48ugkpf3h33e3578jumwe6dyvad0nsc05v,0
93,terra17v90jelp7g52j4m528q5fqj8aufjhqx0nztl0x,0
94,terra18psk3kr4h2v2tzrvghh7gnh8g2pqe343v4ppxh,0
95,terra1kheh3d9e3x6zkc7w9e54hhukkm7srzlq8gq37z,0
96,terra1gr0h8akuxhgzplysrxhhfsmv4rdalafudwm35d,0
97,terra1z89jt6c0nttxcy7tvawqf636vfvuep7zw6a235,0
98,terra1s2u5ed0hxax6997tydudtyjgmzuhaa6qfasycp,0
99,terra1l0hk9fngfepkwuefh9wy8avdu6z9aq6qs56q37,0
0,terra147t2ucghassj0ul98j50pk5zth0g3mkpzpp730,0
1,terra1ca6yv99ec4d6m8q0rdvlxmkysuexd56cmcvest,103500000
2,terra1gwh330f0yqh624kty0qtttthhjqv0fnlsan9dm,0
3,terra1g99w3lwmzu2f59ulursj8wq3f5nc93h5egjdgz,10008
4,terra1a4vnh47n90evt4tcenuqhv7hfg59dh2xudkvel,0
5,terra12ldjmy9z2ndj6d473m30upalhgcgll7evtkejc,0
6,terra14zt4yey8976vh5ecud8yg9umduy4cpcw9jtlgx,0
7,terra16v94ntwamwz7xed2mjczpnezmel99df23ardtm,29822
8,terra12h3z22422d434208lyrnll65ce7cyfyh893tlr,0
9,terra1shm8z8p0m9acx42hqrar0jws663xqlyt7z8ml6,0
10,terra1hmglalv6seeh2tfjnhxydpfjmj6ftd95qerv0x,0
11,terra175vmdddq90r45uwdgakfllyj80ddn0nmkfm02d,0
12,terra1vv9c690yk5vxg44e34r9a93dgj503ueacl2kqq,4640
13,terra1dfduju6pkr2xdl93j8669y8y5xxu3zh6vmv0xp,0
14,terra1jvc3gm5gzm9n0j8nvknlr6rl2243xned0q2t8q,0
15,terra1x30lu2f5e5rmfsprrns35kgrfuv7w95agf623x,0
16,terra1kvadcns48fdjcpg9d897qrg9trsk5593knq6r6,0
17,terra1wtelall34wlcvcg5pnt4jd7xkvx0sfhnt5lrrp,0
18,terra14q0xwgfsqvrv0y7ye6hjy6rqwv9jdjc9vnlh62,0
19,terra1l7yaxuy5a7dnry4m7qtw9njn0zkdwrn9szkrhl,0
20,terra1g00u6yq48hlpvknr0mqv5fkgccmd30f5qs7h3s,3787
21,terra1awpmthu95rmsekuhcnm3xl5glv23pt8az84ef5,0
22,terra10s8qt8t7tk8egw6fvyd6g6q36a5ja0x73mlhrx,0
23,terra19weyketx7fhw4ppxgcss9ve3amhusul4gg43cq,0
24,terra1glum2gkgx7p56p3uff3fzzcyh2utjr0vu45ngr,0
25,terra1pr5e5m783xjnzh0ltn0jj3cmqsdza5ce2ygfhy,0
26,terra1zk0xjf8qgfw523pkk274r2trfxqgr3g9h77h4w,26
27,terra19agr7cjrqkyal46wlz4fdanrq8gfadum0u3yx3,0
28,terra1qhjmyu9cuvxy2v4ts4gr03dm5h8rah59u6kf37,0
29,terra12fxs29qrmepct9aljw8vqtuzd7fd7xdjma6gcu,7162
30,terra1edtqz0tn34mk3v5px6p08pd94em2pw6ht0tqp0,7991549
31,terra18tmc2llxersse5sts8krgy489szjwdj04jpl82,0
32,terra123pzlgxzs83tal25r8etv8zepn54w27djs66su,0
33,terra13637dlufcz3lhmm52rssl3ujcxcs7lswcutu9x,0
34,terra1hjapq44v7v45yue6mddvzvpnmwytx3xgf750yd,0
35,terra1e9la7fuc32xqr6u76zmj6xhrc6cvvtze23rayr,0
36,terra1y05lnwugvxc3wwv7khr79q9gl5gd3xj6at4d0p,0
37,terra1yk8ak4flm09rlscys7x344q7ua6kj4guh42j6a,0
38,terra1jr3ct756xu9zlg6ga5cs3gd8qh34ykdv32nxn9,0
39,terra1s09v2y3xkg2nyp70l3guxwe0tz07slp4cy449y,0
40,terra167avwwnm3k768y7lg074gawxrf0s8kk5wveufr,0
41,terra1dgl5wdwf7yff54curgqwk80mgjvaf80gaez6xt,0
42,terra1uqfxlhjprkc3v5u2vv3zz96rgujhx630hvawx8,0
43,terra16j42h4exmmk3jf3sy7e7jh022p8gh8yfcx947n,0
44,terra1q3yw7zy2t4ww3wuztesypn7qjrm8lpd8xwnnlc,0
45,terra1s4e02v9077nkl2j9wpk5u5had84p5re22tm5we,2750058689
46,terra19k6tgz7yh7rz3syf3skz5zdrft5e5apgpxe6lu,62186
47,terra12furuz6yl3pmar0cxqc3ndtd4fddua6t28k3pt,0
48,terra1s5vppnnz50cht33wtxft9quuzrhmy5v2pu89mc,0
49,terra1z20l8ww9y5vh6cyu708qags0zcw0tfyfl9rpjk,0
50,terra1cfmrdjrs5sq5e89r9v7mwyx8782zj87mx0n89u,783
51,terra1k93nv4rv5hf7fpykdxrh0egfj49egm3zepajr9,54960
52,terra1necxmrnc740q7zzk636x599qfdquasa2xtvzwd,0
53,terra1h68zlm0cnrcjq47q4x75vzsv2wrhspcal4mgxa,0
54,terra142jkycjqnkyndsa75phy95tu8fqch589h7g25a,0
55,terra16ehnan4v4xdletck50hl5alxs5thxjc08kdmkj,0
56,terra1q58r90aarfm2eklwwmxx8tn27zdwu7puucp5wc,0
57,terra10rp2v9dpca45yskqt0kt0lhdtm7hhh5h67xtmw,0
58,terra154f0seg8tlahu7w67y808da5tfd2kjr86yv5j9,0
59,terra1pcqx2cn08yttvg7lpq35mlxsmzhsnj954kgrpm,5281140
60,terra17cczcdmpkj5cfsr3pnat6as47h66eeaya5knag,0
61,terra1f2dt9zunfhpq5ckan442g0jlyusdhvcmalx08y,0
62,terra13cxspgeqxjh5fqquw8088c25knvkg8s8csy0vj,0
63,terra1aeuhvnpnf0td789kjdlldrfy874fmprt2hprm2,0
64,terra1gaxf8zck7f726qg9g80mykl4fdtjrdq439hfkp,0
65,terra173d9505pc7ez4ehyed8tvwj9582y6axnu7mzhl,0
66,terra1gspts4pfdcyfsr9gz9u2z0swkmrw9e08u95wms,7535
67,terra1d8whlw3qp9zw94umctd56etkz39p7vc4esakq2,0
68,terra1td4s7n5fvt4tlcqwzts9pcnfeevpajwstvw2ls,0
69,terra1jfxcc79unzvqv3ny05zr9e6suk2s93puhcdw4s,0
70,terra1vd939g8jsdrrxg7suv9ug7nxthgxaydlstuw3j,0
71,terra1uwp0fn9z7jn4lh36sckzlln3gkxwj43t890p3r,3139
72,terra1cayx6hr6rcpgcxvzpplr93hj3mgr34c9w7z22q,0
73,terra1aw4nzllvk5c3ar7a6097q9k5wqkkj7549r3pqz,0
74,terra1q2zefgajldkzuuwj7y0hxmntuff0l0fl7l7s9a,0
75,terra1730ck6p866gj52v3fy8ys8vr7zfzr0y60a70sd,193007884
76,terra19hqm3fa09lfkg2urelzauqny4frzl20s9p29af,0
77,terra1p65vnyxzg2lszkq0dwjt497vkfp5djg5pp5g84,0
78,terra19llc08psxm4ejkvjtuetqw55mhcarkztmpz5n5,0
79,terra1kqmvkwqa7y6npxmv2lct86ay39mdgz52fenevg,0
80,terra17upt0sp93n5g2m59mpx6jv8qq8jcaaf4790vg9,0
81,terra1zyyu478hum2djjlnvglmjx72h3dvpl8mx0dpda,0
82,terra1da39tesnuxufpz2xnd44wvl0lvjc2vm9wwvu20,0
83,terra104lmwnuju6d2m4t44f9t5mqvustf5k492w5hjf,0
84,terra1wpng4zl36hdh8ux7mrmwdjv5jtnfet7uvqseux,0
85,terra1testv6ejs7fvhdhdq2e5fcz45e6svwht29kcc7,0
86,terra1v2fnrru8ww29q2fqzlfq6cxzcwjmc2fuj7mu7p,2573712
87,terra12ec39jmcc00n3ukd23qlv42y9dymv8mateh8uc,1970072
88,terra1vwrjc943hadgmx5y4vwds26km8fzdfu6rqe2m6,0
89,terra16zrs3rtreyq5hv3gdlm7d9pa8rlnsnwxacxdt6,0
90,terra1ykjrgws5jqcdelsxrjqdsz2krp7vdvhcqh3kyu,7142
91,terra12fh4gw265ez3z8vf58x54ga0x9h3dq5pl4mcnf,0
92,terra1ma6767fv9d6lqzaah59mvw797h4u09g0wdrmh7,4167
93,terra1entwaafnl4e2x7qrasnn3cw24wpjms6a38hsaw,0
94,terra1a00834x9zad2agpxr97gmpanlwlxp0wasw0j88,0
95,terra166ygzs2z3azk8qqfdlqtsd4pc6ayhq29s37ydj,0
96,terra1hujlwen8s2xqhvqm0jg6yf608js4nres66edqw,88757
97,terra1m3qt4gknps2v23hcxhh2jajfw5ufr62wn82zwd,0
98,terra1fvhng7c4ftzphqp0n0mvr0cujtpl7za2ckkh6k,0
99,terra1ze4hz3cc3r2rfxy9egzvtpq5ukm3sfgr9pujjj,0
0,terra1sjxt3x5u298k0wqsuw5jhasmf8kr0fh5dfsl28,0
1,terra1xrc2wjye2rj2rqsl5u3l4pu5zfk2x2ty4tkrtr,0
2,terra1z0tjqsgmce5v8yfh8nss5nyz87cwshhjz0643d,0
3,terra1lf6dsq27y2jnarcta2gr4xsvm4uyhupdl2tn0c,0
4,terra1z02ehykf4xc9ny4yymk0n05t85z5cswp8retvk,0
5,terra1vd0pe4k76qqad7fzukgsceu99dg8xsxngaeut2,0
6,terra1c0jsy7myd3682hqz0tllf3lx0x5czku9akcd8w,20059751
7,terra1j39hty2zlzrawew70mtk9wvh42lu0sdmxyulaa,7905
8,terra1yqlk5cvxpfeadmk0wvgdrsv7s25tf9gxgewmqn,0
9,terra128yzpzswg7vj8le47d0dh6ae8a868hjx9lvn0r,0
10,terra17r257evk5y8tr8zzznvngpz2tamk36qhv0l40g,4119
11,terra1wan5se3htz0ww3ratvkzp05dgrwfgl5c8fsqfz,0
12,terra1rpcm9rsukmakv2cvckhxexcyqzysvqfluxquud,0
13,terra1gwj0l4retx8mw0tlcpnlqv8g3plev50d0gh9mc,0
14,terra1wpq0p6wdnu4q8pxv26ufwe06qkrhmlwt5raeha,0
15,terra158dp6f83308szl086y6n6t4upmklzq9zuemq9q,503645
16,terra103t72quccuke52cpujwue9cpqnsvxere6swn2z,26417991
17,terra19twakc0ljlmsrh42h9xy8rngh4jvuzxcfc293y,0
18,terra1dee7tfgq3fc8ah3084nkzpf395wtg4xld47dzf,0
19,terra1vjr4v6lrrjf6ruwhe2ktajr2409lzf9yqe40yx,0
20,terra172v20uz8842fgjnp3esnc78pz2kka420zc34rv,0
21,terra1y8r55gz8wp4dmn5r9xjsrsrdck084kvgqn74hf,0
22,terra1umpr8zqeryjxdzvr7kdq0yw7930pxlggr8wr79,0
23,terra1725uyd97m5xe6wk6k633w44y5rtfc0sl9ec0r6,199536
24,terra1ldechzqfytsg809x4lv450ltcvhdxp675ezcpd,7788
25,terra1s6tj85eyzajasxr8cnkkqhnehmd6894zsj8qnc,660558
26,terra1dce2lqyyfgcsp3cncu6tra8edhed9096ph2zgg,0
27,terra1yv0cawz73wn09kwdhn77fgp4gdjhrx4ky8pujt,0
28,terra1aqvev2x2l4q6q42f76tmxncrkytfexn6wp96lm,0
29,terra1aln0pfehqj5mt94qwuqrh62c5538qgu6udsu3k,0
30,terra1swhyxphy3nwtshn6wfc0q8wwwlwtv26uam2dv5,0
31,terra1axlvjully2tt35q23emvqkqnaum4e7lzl4xeuu,0
32,terra1p4yfa7r67tfjg46g7swmg7apaju5qxzendeyjq,0
33,terra16nfjs4tja3e4r3jmxdkthmld5z46470na6yl26,0
34,terra1c3jzm9zq7dczap5ugtsyjtaydz45zfhapranxp,0
35,terra10mmjux0wrc30uvq6zstfl48y3rcas2f8frvrd4,0
36,terra1hlay8wqar8hufmuymppyddsla23zxwmykr8c50,0
37,terra12umw4dwywyjn0jcjr5rq9eqdlrxrny2vuz6f3d,3458349
38,terra1s0rs9fv0a7hcj85w60t03vwj0fsaw5sxmalq9k,0
39,terra1jpnn0xufzyh783mzh7czd0pzy4tg6nhj5ug4v3,0
40,terra10x46e9yzgck4q9hge0k9eqm3vjpd6vgemyrqmx,0
41,terra1rpteagmyej4csta0j7mmxdhwwpx86halepprf9,0
42,terra17gzlqjkhndn7qmdl9mu4nstsug90ad6qeedk2e,800632
43,terra1d9h3r27wuzvhtkgstdrcy92zrgtzeejefrk25p,0
44,terra1smjz46wk9gcv85z74swmkytyf58nweu4p43kdz,8917661
45,terra1vluty4gxqsge0mn5jx0gs0hspxuug4eke8paux,0
46,terra1m8qqdujzphtc220u65ra8h0krxep84jhak6txp,0
47,terra19ymr7tyrp82l7y4vtcgz7yesr6pdzjkgkqz2st,0
48,terra17u9un0g6u852q2z2qyxyxyrl3mxjhzqdg4ptcr,0
49,terra1n9zlev0d23mwwvjqd0ln6ut940akwzk3r03x9c,0
50,terra13qhp2tuqeume5s7r95690n5zn86rl4f54ja8wy,342276
51,terra1kk4q0etcfz2sng8406hl495ukpsuj7j9f0xjc9,0
52,terra1rm8vhy9sdswrfuxyfp8t5g40j59pmctc2mmh7z,0
53,terra15hl8q7qh5n2fx96a4dmynv6u2kq2206tzls4v3,13056
54,terra1qzzpzjuxmm5d6l6jjp3ufw26zxusqlvpwnv4zg,15754034
55,terra1u3spwssyfjdy3tf5uhh0kussffrn4snwmejfyn,0
56,terra165zjynur7cfgd852glln2nftx2a5p5a8yzqnu7,0
57,terra1g80xmvq9uy3k3mmesx7dl4evxdfh0smmtj0lt8,0
58,terra12yeujnz0rg9gmaj9hpczmt5g9jhn045e2clf8a,0
59,terra19y6fp47tz45u5xtr2khs98dtcq065wa7tsyt03,0
60,terra1fz475as06sdjkzltghgklmdvvj3naa0cram9jw,0
61,terra14g0mf0pwwu5tnxvczzspwv6g4yv486hn64m347,0
62,terra1ser6r9dxrg7q7u2mmlp8t44zq3z2gujnw5pzt2,0
63,terra1ru0g7kxl2ezx40rx3y0fae9wrayachw509ru9s,199998
64,terra16dz5sm8vlth6553uy52ve6ey5desy7zf6uutw7,49931
65,terra1tss0gzpkf07kqh6xjle2qw3wvegel3hznm4qja,4796
66,terra139uchcm4a77hldaq8yhazr6z7sydz0eaw5cd90,0
67,terra127d0qlgghv6q6r37p05qlq0f37duw2apv202v6,0
68,terra1sc5nduejeqgxqhpz3em69ysnutkrf2qlf8j4d4,1264756305
69,terra179qw8ky2gn8sluwa3rk04x9f80hv4fzk0arrvc,0
70,terra19gmvr9eftuwa9qzfce3yuv2x6pcrzlccnwsswa,0
71,terra189w5zz2px5lfup0thxhm86awl4p7gp4tffhxen,0
72,terra1scu4hqkjhgq0j7pjfsgtl5xlpjsn6hw462l7dq,7113
73,terra1f7d327a5zvquvk636sn0muksy59gjm82xm9vaj,6766331
74,terra1t9gsws0nneg94m0kzgmya6gdh742dadggvtx49,0
75,terra1dkky32gy80q9q3yn2l8xfa684x2y9nr53dqkej,0
76,terra1lvyparw752mku5ec5acj9kvmrntd7uxrnnycws,0
77,terra1l42syln0g7n34qwame2wd3qzphgayqzxrjd029,0
78,terra1vjyvwgepx0ep4xzh8z394hxkv0rxpftxz5vyxv,0
79,terra17hlvs7d7el0656th6hfwqq96a5lk5kehjzpul0,0
80,terra1k8qtw5uyl2wr49jdu9hangn64zmzdueeshmal0,88
81,terra16dtcgm8ffzmmu3kgrxe086txqp9yc377u8uhhq,0
82,terra1dnqmktcexr6fj53l8hxuttqw76x0s83lqsxnc6,0
83,terra1rh9vmfgnfjrwpq8cjlqfg4hwulpg7nyq0vcmrj,0
84,terra1cjxj5v3g4gj5cnpe30jtxura7k8fs9vcyuax8x,0
85,terra1scgm5c70gve4q6a00sgk7x7uuhyjqznc69uq5u,0
86,terra1ceh60egvw98cjud644lux6qljdmfg5jgk4kz97,0
87,terra1ph4k8lj24dagpuqu3pt2qlxrz99aefnkva7cfk,0
88,terra1cc2z39gzs8ydvqchw8mut463gk75hf0a0tjn4z,0
89,terra1u3mv7zwg2573jemzskmedtr394k42cp5z54s2r,0
90,terra1nygte22xyzx78q4y4engu3pdkxhudrpdx4sk54,0
91,terra16aavatsxfwwm2hdrp4eqkudt75u7cmp7wdvcn3,0
92,terra1ag4g34z5pxhmf2vwsnx9nrcrcyz6sv5uv8zmll,0
93,terra18pxwa9m97s8x2uhqsef5tluprn3djq2qf8jax4,13999899
94,terra1axta4t7ngqchu8l8yye9ta8pnstyn3g97sm699,0
95,terra1gamly7pfydl20wj5jugcc8zsgv5rxytwndgqhr,0
96,terra1ffsm97n7llltapgmnfs4r9sru2tl3elkh64rth,0
97,terra1kcpjss9c6x4w759kd6ck8ra5juxkyy5pd689wt,0
98,terra1jmaqehnlzll6z5vq2l3rvuunfk79956r2xlv38,533391662
99,terra1s4plrnd9xgr0r6gphsae9mu963hhcks44gm5nv,0
0,terra1sr3jnyzmytqtcvn42g42m6dlluyu3yx6a2emlz,0
1,terra1zrgxu8f9sslxar9nk9plpy2ytrkslpg76rfqm4,0
2,terra1jm05ypt7djpmqpyrn96rnx94xdjpna80x9k67h,0
3,terra1tfvsewl0uvaqld6pqzt88ufvenykem532ytzq3,0
4,terra1xszy8pgdyuxruxumsrkesfknu0yj6cv67uvx0u,0
5,terra19mmqzgsk0k0trfezc7echqzp2az5hj304gw7ge,0
6,terra1gt6k689lhnr6eg0ruphqshfjynneuzy6er7kc2,0
7,terra1ylvwwfajtp0xvgewj362vz6z57nefrxkkj3sf3,0
8,terra1tnvn9lgggrgag06yzgyakttuahnvtsgq5jhf5a,0
9,terra18gd0cndcyatn30act4k5hpuz9nr87jfdl2pxgj,1607985
10,terra17x9cms4aytqgn8386rl90yn90x8ra63qt0m8gn,0
11,terra1rjjqw8me4yu5v5dry0p5xfrm4aafh9cvuhlvwe,0
12,terra1chhvv34adk8r0ksw4zgxjvfpx7d4kkku5gl23h,0
13,terra1zlmd84pjavzkvavarsj5qyew8waxmnspsr8qzk,0
14,terra19r26vd94apm9mps7ar24j2w0vu0vszwl6trmyp,0
15,terra1mrz73cs2txz4u80xcjy3d2y8tpu7vacwpvhh9q,0
16,terra1zsj9392t9ze0pywfxfygtrtr0a8hm0w3x29n3x,484655
17,terra1vn5x9e39j5j4q8eagyr6862skvsuft9sjlruzw,0
18,terra1wx07nh0cmxv634qhj227fehp8drmnaywt89ufy,0
19,terra16wx20mt9zlr6un0d6l7qw0vl963s0g8t84uy2d,0
20,terra1p0yqsv7303jysxz5q6nzptl2ppd0f8f4x5cksf,0
21,terra1xkqh69maxdctcsrwne4y4xgj22tc4xu65vedq9,699994
22,terra1aup6g79fdx8atv4dsvj4hwqvxn6t7fetgax6pz,0
23,terra198y7ze76affkcnxfvff3n26l6y3crf8lvtdyun,974181
24,terra1e85dauq3zdqjt24pae5xgyy6hcdatl3znj6v26,0
25,terra1rzm9ltdxj3t5e7lcg5zmff3ukh20h2gjyke469,1989072
26,terra14tnjxdhlu0l03j98natgajkdddhzp2d35l8kfa,0
27,terra19qz55dtgc7yy8zt6rm5ttk8m6x64vkll3fm4k7,291723
28,terra1pdtnkmmllm732a7lsffmpns8xsg2zfh6pwwxtz,88
29,terra1lrqxfhpns79ssml3p2ahxsnnllntm29r03rafg,0
30,terra1mjtdj7juxa04q9ngd2vpwm87vv0yldh88a682c,0
31,terra10t4t5f9wwvlrttyrkm6nxepchag0f6l4x8jg49,0
32,terra1sxydyjfx3c4eqt8a3lfh5vsge8eetymlv8wsj2,0
33,terra1aystq3sw7gwgklseyjqa2k4gn8rmhylk76tfna,0
34,terra1k5dlduqacyxxgqm89xqmrxu2ewrc9jgsptedg2,0
35,terra1zjfn2cd6pcv865tvf72leytrwyfsvpdp40dgqk,0
36,terra1f34ejvetjk3hl55t7d3ak4w84em4xdndncun0w,0
37,terra1fvc4r97up5ygrqpvgjt96a3t08xqyx39l2qek8,10016
38,terra1ejjw5a2n9t6alyqq470qtwwq4kdcjgl6ptpryy,0
39,terra1l5wnzze86fwznxvk5zhrr9t9pl9stl8nnr82kk,2148147261
40,terra1djznfetm94rlvk68rzhz24j8gprpkzms6pjydx,0
41,terra17rzdk79m9ce3ljxz3q60ce84dhjw2rnzjlv2jz,6082381
42,terra18mnvg2s4ef7p0lfvjfwhvahguffeqvt6mhkqfc,0
43,terra17634k7kfkwwjf2c99skqj29r0nws9y6897s7cm,0
44,terra1saaxmn7grnvpyrsmregx2zmywgpz8pl49vlgs8,0
45,terra1ts2xkjvc5ufl2alkkp9c9d3ds4yey60pa4d80p,0
46,terra1d57tlhk8049x7vthf366upx284easm5nndp90w,0
47,terra1cj6nl4pgdx80xsnrntap5qqk9yeam2f0x8daqv,0
48,terra1lqjp2mhtejg246xru6urf955fu2ucf6f6u0knd,285954426
49,terra152d6nlcz3f0t38mvzcgsxndfpt8k6wywc08la3,0
50,terra1mk00uy6ypq4ltpg7a9v0nkngnr3jexw73rz4pv,142001359
51,terra19jt7rcu33xcvv3c0q493yw6k6kkp4d70x0q0ex,0
52,terra1xm29wkmk2k8g48n7gwnzrv4lk8mzgtza2dxj9p,1441552
53,terra1l6hzaczrgyxqr5uchgy9wpx77nsfdc5tx5yfru,0
54,terra146tnnydcz0luk95ykuyz58kzqyfh674ja5k4sa,0
55,terra12w73t36fxw5wty0gwclrx0gcpdldzwqzaunl06,0
56,terra1tgv7786k7a5pks6crnehucnacxp25fv5ga8rya,0
57,terra1pn40aezwp4nudupjsvhkvc2fy638fuqx2y7vk0,0
58,terra18298lv4gg7eg2n8ztmww4rzuh76xd8pmc4smgr,0
59,terra1ft7rwathmjc8g8ax7lrl035elh63t2w7r8us8f,37807
60,terra125rz2uk9p3pwzl89qke6v4h2l0ejaxwha73n8q,0
61,terra1e8udu0vnlxvkkehe64r2chykc4tulesdxj39l5,0
62,terra1y9qs6hpey6d9jnvzc4atxtajyfsr38tzsemah5,1783097610
63,terra18ca3lq36q3xw0frt8jq4cnw2kkz59hwamj3drm,0
64,terra10r85hgk4c4hlyrdxgzckmu42064fyh9nzyn7aa,0
65,terra1k7cqzdtrlkr0vsjmqeh7z8ezp4lnx4q0kdrvv4,0
66,terra177wg6lqfaa4x263rt28etq3ya48sjy0jma6zta,0
67,terra13d975fem5nwq0m0x9ppv66k3fcvuq0z993rcjd,0
68,terra1ucph7k0mte7cmht52tpqw2fhww92g25anyu5dm,0
69,terra1ggz3j8uh0ht8rhhtjtgwyx20wxx3ln24e6yxnw,0
70,terra1ysz4zt2x0slh8986ejmsaszqkc9z3g8nzdn9xr,0
71,terra16al2zwq3d044kgtk44cp702dy7rs26cqjvqdwx,0
72,terra10ccrfpy6jyw83mjjqk83ukm8l255jrv8q3xdfk,0
73,terra1s9p0vpa9wjvzq4klugjz7u29kskxu2weg5z3h3,0
74,terra1uew6czvw0azw2kksx7fdn7vqpmjwhl47ujayfh,0
75,terra1cq65rxh7x8vjyxunvxd7gegd0gx4pfl0gtj5g8,0
76,terra1qnsvmjfcrsgar69w3mg9879xnje0ww85dsd6te,19856558
77,terra12nl9w6tc444uuwaj627dg2t0jrxhgh3mezmnav,7070
78,terra10xltcjdr3esxqujvudxe2fvzamel58cwgfyyu9,0
79,terra19n4tunch00l5272cv8zgujnlf93rexhy3n828r,0
80,terra1h44dt0jntfd5ltpycjf8lc6uct2nhc2lexhtvy,0
81,terra10zalqz04jg0qlsvqayu8vefz0k3483uw9wjdx6,0
82,terra1sy7p30fucqv7d5mf53hnzp7m5p4ux8g3ywhgg4,0
83,terra1phnht8r8aauq2ha7ftml3y8ucy65tay9jpn2ep,1026192
84,terra1vtfewnw5mqwtcdwp3jq3987p9e2w9alq3dlc9r,45576
85,terra16zz5j0l332tlfu2amdwlas83zylq6w9gt4v8ft,0
86,terra17dexeqvjl4fj7wh4jmnrxxea92ym8chydfnlv3,242095560
87,terra108666u2rtkd6c7zt7xzuzxfe87u4w3rj53v6xy,0
88,terra10pmurpwk86kg9kx58k4tcnafzynk638mx56fwc,0
89,terra1fz7y924zwcmmv57a0gze70yrxay40cqcaltwnx,0
90,terra15j829sn0tfd6dt8uwr0ynk843q6wyxcncfr6dn,0
91,terra1dcc7dmhteuy8akrsg0v8e0dsdm7xk4pmfmjjsk,0
92,terra1wz8x7nuxv5gshttx9prrz3l8hyq7jz0jxlglpk,0
93,terra16h8296kwqvuv7a4zuvr59u9knfx70fjtmk32lk,0
94,terra1ufgge4v9aqkumcgqtqzgu8qrnxmhk09ndwrpww,3116585
95,terra1t8dfl908s8yytxurw2s5dj4w75erfmgvd9m42s,0
96,terra1zxhtydx0sdmfh9y8mn2wykynp38enxfq2rlmyq,528
97,terra1umfrpdq2yeumr63kxtz4ta0542hhwfeu0l69mr,195674678
98,terra1qzdqxa9qra9fzchkjd5plr3dcyanmpnx7ddefe,79060
99,terra1wdug69jfumc7dkdu363phrl928kelsw0fmlx0s,0
0,terra14lwqctkzzgnd300luy5xw3tr274phzpz43hdzs,999992
1,terra1zde2xpnst46dl399t49c7l92m9295epcj7nafl,0
2,terra1vwr40pq64j2jx2c09wgpzfkmwu0weljhr3jnyf,1999999
3,terra18ryw9g3v70sqe422e563326jtrse4hq52mrqcv,0
4,terra1ravmx8jnr8ehvhyhcsm6nllv9wte576vgugggr,0
5,terra1z3h2vfy3yayxt6r2g32nj5hp6xzkdy4nnqpv6u,0
6,terra1gn7vum50x45lued59fq8d62q0cdmqtneysw6s4,29813
7,terra16cnq289swp406u09vgdqj6w009uzmrne3z2mmj,0
8,terra1ht0ca6fx9w46kf32x8a25ms32vnj2rjvzu2jfu,0
9,terra197e3a40cyhvcj2tgprdv8xuy2vm60flny5zkyv,0
10,terra1cz6e0qp2yl8rxnpxxrfwfprj938aelcejy2vp8,99999
11,terra1ghkl77ty7eemamjmc49skhna8nfryz3sp05lfh,0
12,terra1mgswcgqmta34xntegcmw867u3jjsm57guvs3zq,0
13,terra12dw3dn34aqyum8wkr255dt79tgp2nd2wh3gv9t,0
14,terra1re5ffwldzks8tq5fuayzc6ucedc0hyksmk4yya,0
15,terra15jg5pjn0wem3l436vrpez5d3ykql5w75de6586,0
16,terra1qx05ucx6z6mtgwfcj8krvsdzdd8x2syp3348pn,0
17,terra1j9kgmnygtd7w9xzvrn08mf3c2rtepcn4wqnyx2,0
18,terra1jwm3zz3rhyvxs8hh7hn07m38qa46hjsvnces0z,0
19,terra1xwkh0lndx3ksqgvm9y2s3cdezczwnaxd8xaujl,11134
20,terra1m6j09t5zsj7hteuqkt6e935x0lnlynmcc39az3,100000000
21,terra19yctaa505uhlghr3kmzffguqnldk5qrt5vlrck,0
22,terra1lq3kvtt8sueujvvh38lh4teu3zxacs27h3mgh7,0
23,terra128pd8acfep79pt23p7xt48vln7zsyym25x47ku,0
24,terra1ur97eg85zv2lkssmspmzfk5mms2kx558k2mtz9,0
25,terra1avhxfxe5xsemh3ftkydnwdd6p9ppucn3heh7z6,0
26,terra10klyf0p733hyxew0mcxl05l3pk8sqyn9kef2xs,2245538
27,terra1f27le7vy0rf8edkkzzganakp2z222jkvvjtrcs,0
28,terra1jx9grnsrc4m6940rms4zrzep5nmdfkcaateqkr,4462625
29,terra1em9r5skrj834lrd5kclhn3w9xwe07gt7gkp36u,0
30,terra1kjsueg4h8rpa7ur55drx08uvxw9tg45avgzg6t,0
31,terra1fdnl2qrgvpn65pqjvycp7wvg48y7w3xl256ma2,0
32,terra15wa0qsjzedfdqwhkmt32dsdjxfshjn66y24d0g,0
33,terra1y6rg098htqn827f4l0y2l8ewypr98p855n70ym,0
34,terra1m2a2hu9p4h9mhqfeh7mfre39xvzq05c8mljut4,0
35,terra1wykywxvsycw3tajc0sr3r9ddedtahvymq7ltmm,0
36,terra1z2tav66465tq42p8er0yzn9hgp7rk4mtj9pvua,0
37,terra1yjvs0600hz2eep2fkg0c0t6kp7wxqhzeacm9cs,0
38,terra1lscceelxm5tyypt8c4u9tyv9shvfj5vc770ezs,0
39,terra17psf22ceyhq7lfxaz6qwe6pu820wzqz35uul2z,0
40,terra1ggxm8apxf8yhgug49hc04tygdlhu00f3s98jrl,0
41,terra12pt0wy9afsm5n9mmlq5papnsf0p8svqnn2daxq,568221
42,terra1t5yayrsvtnnnkds4ts6h3zncrhltj3wh6ughqv,0
43,terra16cj064wjesg02nxvdrz98xghnxawe8krytryfa,0
44,terra1gq5qgzdc933gy9ew40lltapcjt07aqw4uryglm,0
45,terra1n8k20lzajfzemtf990nxguuzc5sq69suxnkak3,0
46,terra1pzspx38kt8zht9sjp5zne5zlpehlmjju9tknyq,0
47,terra1lhhtpmrp0xwe0za45ft0s2pulg33452ywxlgxt,0
48,terra1glt4s0xuzw0lpkpf32c55ydaaq5wxxdqlm6jum,0
49,terra15y6puugu9pkyt7jzpad9ce75r5xpw5v0rmzppk,10070
50,terra195jqzjg685mksuetn8z3g35yrcr73rw5cttsg5,0
51,terra1k60vcry2ucc4d20qnxxya8qla62anenazn0d93,0
52,terra12yzd8jddeq6h5q64rmr0pxmsc75dgkrz33vnz8,0
53,terra1jx9tsunsg8vy0p5cavl6n6rkul4cv7x8e8qye4,0
54,terra19vlcs3umtt2spn6xpwpq6hxnr9u30gyd7v3s06,0
55,terra1expm4h87wj62mlg59xce7heh2dzern3s7v2a20,235623
56,terra1hs58f9hsaymgklsyxcryvuf8ukxeangy8ehqt5,0
57,terra1m2jn43jrj8tphqxlnat5p0m37rjkul6w5ll8f0,0
58,terra13y3d2u9fnjx2jm0ncfkv7q5ht7kqqkrd72lxf0,0
59,terra19d092c8scqktqqchf5f2469k0nldyspyqxc8j3,6614
60,terra1qzqckqly4q0xnfx9vyp02pq7ere53rd7gxtyn8,0
61,terra188lf8dqaz9yqrueruphcx2vjuyeq7cf92y49sx,0
62,terra1tghmyqn7dgw2gev2rp8nsy8x7dcr4ycz7hzm5y,0
63,terra1p8fvu8khzndw9n5w5hgqn8ds23fvf8avd00xth,6090
64,terra1n5unszwf3du33rqf3g8a6fhxn4qmqq5n7slq0c,0
65,terra17aznqdwdcj5vqe3uy8ujk9p6lly2z5pvn2vqse,0
66,terra1ccr8vd65xtnce6n02t4gj9fhj3g3aapy6tqye9,0
67,terra1fytydknpyctxlehex5gf5v5r5qprl5wa0duf7t,0
68,terra1sz2cmqkwpqtxdjnu5997hnpz0gq0r0v8ghvy3s,0
69,terra1xs4m9l6nngxmddv872tr5pe9d8y0qww54naprz,0
70,terra1kdss4slzca37mfckkn22sq5l5r6f8al45aam2u,0
71,terra1anymen76l66wfd45ppytz39xwmfytt4yt330xw,0
72,terra1jxl9n3r2tzxcu428vc63nkvy3muf0z2rjwwjew,57835
73,terra1j0hx4ajukt89adlmun9ufwzl6273sqsxeaj5rk,0
74,terra1vn7gctneneye73va8x5vawd2rt569a6awh7dv5,0
75,terra1muefr54797zq9ye35v6krruz3ufqqjr4lsx8nf,0
76,terra138z7ga5l79es4pr63mc3ulfj836r4hu38nn7t4,0
77,terra1n2480g73wcjv4j934maslwrqx5zhvxw8r98de7,0
78,terra1t00m8zw2s4w32ugg6qz9sdthu2aklw3ffmwrsa,0
79,terra1kmj3l6uqeym8fymjwp0dg9u365rfatjxahqy20,442046
80,terra1ayk3ywuf0l40jzm5wnmjvrczfenztdtcx5ncje,1
81,terra1nyczztwnnahedps70ydx7yuh3z4y8xcd42amh7,0
82,terra1e6l67jwhrw6gjjk2649s8f3wv99hmvsapvzhnv,0
83,terra1s5jay50pc7zfupveql05y40qk4kqrcn4h43q95,0
84,terra12vp8n72gtutyu2uynj4xqnm3zlt6ecvqt35sdn,0
85,terra1s259wcydjh230xfyfyf02fg68cg292rjl2jygh,0
86,terra1muslvn2zrmg77v52awhjy3l3gmejtwl95ahqav,0
87,terra14z9xafqp2zt3tfr7r4x7dvrhgpxmz7c2027tr7,0
88,terra1rtxjgf5mqs3gfds562k77xe4rq9thywfqzv3rz,0
89,terra1ezty2jdsfx5u35myl8vrth8e9e5524ag5f62m6,96901864
90,terra1sp3xc9a3aw6dks3xexwy639qnfaqmqdm900d44,0
91,terra1e78qsuq6cavpuld540rjxfh8yz426thjgyqssr,0
92,terra1r44yxce7mg9pjkh22crfpdug986vy2l8sl8g3h,0
93,terra1qytfymuynrhu2mdmrzg8fqs8svjqpwdkknvll4,0
94,terra19vn7zrrz3y4a7zesrcv8rj3rlkvl4edjsx6der,0
95,terra14u3mw8urgrpv2hl855fgvjfqcjlh2jl90na2uu,0
96,terra1fldvt44nvumtnhj3hx6ryhnakksek36gpm3up5,0
97,terra1php5hezvs9d3lx0qjx3q4gg7uy0chdxg92aqn0,4999964
98,terra1gztkxswu05edt7fmggqgtr3rf2n46lwnw44psu,0
99,terra1qq8xq768s79al0espc9l68pza2gty67jl9lfsy,0
